title,price,img
Jeep Wrangler 77072395AB 2" Lift Kit,,https://m.media-amazon.com/images/I/71OHWdmIVWL._AC_UY218_.jpg
Jeep Wrangler 77072395AB 2" Lift Kit,$1,687.05,https://m.media-amazon.com/images/I/71OHWdmIVWL._AC_UY218_.jpg
Chrysler Dodge 3.5L 4.0L Engine Rocker Arm Assembly Shaft Lifter Set of 2 OEM,$1,468.04,https://m.media-amazon.com/images/I/81+5ILwVDkL._AC_UY218_.jpg
Subaru 10103AC030 Short Block Engine,$1,999.00,https://m.media-amazon.com/images/I/914na1eNSqL._AC_UY218_.jpg
Ford Racing 7.3L V8 Super Duty Crate Engine (No Cancel No Returns),$8,788.84,https://m.media-amazon.com/images/I/71paPdTUkeL._AC_UY218_.jpg
Ford Performance M-6017-504V Coyote Engine Control Pack,$2,107.97,https://m.media-amazon.com/images/I/71KJuRalVVL._AC_UY218_.jpg
11122413815 -BMW M Performance Carbon Engine Cover,$1,458.94,https://m.media-amazon.com/images/I/317nIfoRviL._AC_UY218_.jpg
Ford Cylinder Head. Super Cobra Jet. Assembled. 2.020/1.760 in Valves. 290 cc Intake. 72 cc Chamber. Dual Spring. Aluminum. Big Block Ford. Each,$1,720.55,https://m.media-amazon.com/images/I/51m6j05xOwL._AC_UY218_.jpg
Mopar P5007909AB BLOCK A-8 ENGINE,$8,615.45,https://m.media-amazon.com/images/I/41Evn6bs8uL._AC_UY218_.jpg
FORD Engine Control Module. Harness/Modules/Sensors. Manual Transmission. Ford Coyote. Kit (M-6017-M50A),$2,099.99,https://m.media-amazon.com/images/I/71zX5R5qShL._AC_UY218_.jpg
Ford Cylinder Head. Super Cobra Jet. Assembled. 2.200/1.760 in Valves. 290 cc Intake. 72 cc Chamber. Dual Springs. Aluminum. Big Block Ford. Each,$1,607.99,https://m.media-amazon.com/images/I/61IL2xktINL._AC_UY218_.jpg
2004-2006 Subaru STi Turbocharger IHI VF39 OEM NEW Genuine 14411AA5729L EJ257,$2,302.99,https://m.media-amazon.com/images/I/71kVFyBXJwL._AC_UY218_.jpg
Mopar 77072479 Dodge Durango Cat Back Exhaust,$1,474.54,https://m.media-amazon.com/images/I/41eoat3fEpL._AC_UY218_.jpg
Volvo Truck Repaired EGR Valve D12 Engine 21001173RM,$1,309.12,https://m.media-amazon.com/images/I/610i5QZVw1L._AC_UY218_.jpg
2014-2019 Jeep Ram Turbocharger For 3.0L Diesel Engines New Mopar OEM,$1,765.33,https://m.media-amazon.com/images/I/71Type-ftXL._AC_UY218_.jpg
Mopar 82214586AB Shaker Hood Air Induction Kit Dodge Challenger 6.4L Engine,$2,868.02,https://m.media-amazon.com/images/I/61pFtA21gdL._AC_UY218_.jpg
Dodge Ram 2500 3500 6.7L Cummins Diesel EGR Valve & Gaskets Mopar OEM,$1,471.71,https://m.media-amazon.com/images/I/91vhuTJBRFL._AC_UY218_.jpg
Govee Smart Outdoor String Lights H7021. RGBIC Warm White 96ft (2 Ropes of 48ft) LED Bulbs for Christmas Decorations Outdoor. WiFi Patio Lights Work with Alexa. Google. APP Control. IP65 Waterproof,$99.99,https://m.media-amazon.com/images/I/6130Tkx9pdL._AC_UL320_.jpg
Polaris Ranger Crankshaft Kit. 700 ATV. Genuine OEM Part 2203067. Qty 1,$1,544.99,https://m.media-amazon.com/images/I/51pgqZaJ9FL._AC_UY218_.jpg
Govee Smart Outdoor String Lights H7021. RGBIC Warm White 96ft (2 Ropes of 48ft) LED Bulbs for Christmas Decorations Outdoor. WiFi Patio Lights Work with Alexa. Google. APP Control. IP65 Waterproof,$99.99,https://m.media-amazon.com/images/I/6130Tkx9pdL._AC_UL320_.jpg
Polaris Snowmobile Crankshaft Assembly. Genuine OEM Part 3089483. Qty 1,$1,647.09,https://m.media-amazon.com/images/I/61tP4FsvBzL._AC_UY218_.jpg
Twinkly Strings 400 LED RGB. LED Light String for in- and Outdoor. Christmas Lights. Smart LED Lights. Mappable LEDs. Compatible with Alexa and Google Home. IP44. Green Wire. 105ft,$99.99,https://m.media-amazon.com/images/I/81AgFWKGZGL._AC_UL320_.jpg
Polaris Snowmobile SDI Monoblock Cylinder. 85 mm. Genuine OEM Part 3022449. Qty 1,$1,344.99,https://m.media-amazon.com/images/I/61c-YKQ88kL._AC_UY218_.jpg
Govee Outdoor String Lights H7015 with 15 Dimmable RGBIC LED Bulbs. 48ft IP65 Waterproof Shatterproof Christmas Decorations. Color Changing Warm White Lights with 47 Scene Modes for Christmas,$29.99,https://m.media-amazon.com/images/I/718zY0RiJUL._AC_UL320_.jpg
Subaru 31705AA662 Transmission Valve Assembly Control,$1,535.83,https://m.media-amazon.com/images/I/41MTfZOOjlL._AC_UY218_.jpg
Philips Hue Lily Outdoor Smart Spot Light Base Kit - White and Color Ambiance LED Walkway Lights - Low Voltage Landscape Lighting - Requires Bridge - Control with App and Voice - Weatherproof - 3 Pack,$239.14,https://m.media-amazon.com/images/I/71yXNncuLHL._AC_UL320_.jpg
Polaris Snowmobile Crankshaft 3090347. Genuine OEM Part 2205649. Qty 1,$2,153.99,https://m.media-amazon.com/images/I/51PbjvxH3fL._AC_UY218_.jpg
Ring Smart Lighting – Floodlight. Wired. Outdoor Motion-Sensor Security Light. White (Bridge required),$69.99,https://m.media-amazon.com/images/I/61Dxo4BSA2L._AC_UL320_.jpg
DMA1 Marine Engine (Remanufactured. FORD 351W 88-94),$3,980.72,https://m.media-amazon.com/images/I/81B5jPMH9ML._AC_UY218_.jpg
Govee Outdoor Ground Lights. Patio Decorations. IP67 Low Voltage Pathway Lights 36ft. RGBIC with Warm White. 15 Pack. App Control Walkway Lights with 43 Scene Modes. Sync with Music. 80 LM,$59.99,https://m.media-amazon.com/images/I/712WqYcpbiL._AC_UL320_.jpg
MOPAR 52059729AN - Tank Fuel,$1,465.90,https://m.media-amazon.com/images/I/41KSxuxXvCL._AC_UY218_.jpg
Ring Solar Pathlight - Outdoor Motion-Sensor Security Light. Black (Bridge required),$34.99,https://m.media-amazon.com/images/I/61GQJrm+NBL._AC_UL320_.jpg
Ford BC3Z-6K682-B. Turbocharger,$1,822.06,https://m.media-amazon.com/images/I/711MzJDQaqL._AC_UY218_.jpg
Govee Outdoor String Lights. 48ft Smart Outdoor String Lights with 15 Dimmable Warm White LED Bulbs. IP65 Waterproof Shatterproof Patio Lights for Party. Wedding. Christmas Decorations. 70lm per Bulb,$36.99,https://m.media-amazon.com/images/I/61TnRwXvFEL._AC_UL320_.jpg
Polaris ATV Power Steering Assembly. ATV. Genuine OEM Part 2413344. Qty 1,$2,000.00,https://m.media-amazon.com/images/I/51hYTKVX7kS._AC_UY218_.jpg
Ring Smart Lighting – Pathlight. Battery-Powered. Outdoor Motion-Sensor Security Light. Black (Bridge required),$29.99,https://m.media-amazon.com/images/I/61IZy8d6UoL._AC_UL320_.jpg
Ring Smart Lighting – Spotlight. Battery-Powered. Outdoor Motion-Sensor Security Light. White (Bridge required),$39.99,https://m.media-amazon.com/images/I/61EbRbXZgrL._AC_UL320_.jpg
XMCOSY+ Patio Lights. Smart Outdoor String Lights 50Ft. G40 Globe Patio Lights with 25 Dimmable LED Bulbs. APP Control. Work with Alexa. Connectable Waterproof LED Outdoor Lights for Patio Porch,$39.99,https://m.media-amazon.com/images/I/71nTJVNWQBL._AC_UL320_.jpg
Ring Solar Floodlight -- Outdoor Motion-Sensor Security Light. White (Bridge required),$89.99,https://m.media-amazon.com/images/I/71q7KcUsUvL._AC_UL320_.jpg
Twinkly Icicle – App-Controlled LED Christmas Lights with 190 RGB+W (16 Million Colors + Pure Warm White) LEDs. Clear Wire. Indoor and Outdoor Smart Lighting Decoration,$104.08,https://m.media-amazon.com/images/I/81vABCxg3LL._AC_UL320_.jpg
Brightech Ambience Pro Outdoor String Lights - Commercial Grade Waterproof Patio Lights with 48 Ft Dimmable Incandescent Edison Bulbs. Porch String Lights for Patio. Backyard - 15 Bulbs 11W,$39.99,https://m.media-amazon.com/images/I/715LnXudvuL._AC_UL320_.jpg
XMCOSY+ Outdoor String Lights. Smart 49Ft Patio Lights RGB. App & WiFi Control Color Changing LED String Lights with Dimmable 15 LED Bulbs. Works with Alexa. IP65 Waterproof. Shatterproof,$69.99,https://m.media-amazon.com/images/I/71IHJHKyt9L._AC_UL320_.jpg
Ring Solar Steplight -- Outdoor Motion-Sensor Security Light. Black (Bridge required),$29.99,https://m.media-amazon.com/images/I/51HkHPQyqtL._AC_UL320_.jpg
Philips Hue Calla Outdoor Smart Pathway Light - White & Color Ambiance LED Walkway Lights - Low Voltage Lighting - 1 Pack - Requires Bridge and Power Supply - Control with App and Voice - Weatherproof,$116.97,https://m.media-amazon.com/images/I/71mqj6ZQ7VL._AC_UL320_.jpg
Philips Hue Lily XL Outdoor Smart Spot Light - White & Color Ambiance LED Walkway Lights - Low Voltage Lighting - 1 Pack - Requires Bridge and Power Supply - Control with App and Voice - Weatherproof,$154.00,https://m.media-amazon.com/images/I/71LYxOsirGL._AC_UL320_.jpg
XMCOSY+ Outdoor String Lights. 98Ft Smart Patio Lights Waterproof. WiFi Control. Work with Alexa. Dimmable Edison LED String Lights for Outside Yard,$84.99,https://m.media-amazon.com/images/I/71sS6RDCN9L._AC_UL320_.jpg
Cree Lighting Connected Max Smart Led Bulb Par38 Outdoor Flood Tunable White + Color Changing. 2.4 Ghz. Works with Alexa and Google Home. No Hub Required. Bluetooth + WiFi. 1Pk,$13.49,https://m.media-amazon.com/images/I/81qQxUItNtL._AC_UL320_.jpg
SURAIELEC WiFi Pool Timer. 40 AMP. 1HP 120V. 2HP 240V. Outdoor Indoor Smart Switch. Heavy Duty Pool Controller Light Timer Box for Pool Pump. Water Heater. Spa. Powerful Electrical Appliances,$42.99,https://m.media-amazon.com/images/I/719q-ITx2lS._AC_UL320_.jpg
Philips Hue White & Color Ambiance Outdoor LightStrip 5m/16ft (Requires Hue Hub. Works with Amazon Alexa Apple HomeKit and Google Assistant) (530931),$238.45,https://m.media-amazon.com/images/I/71HWjLUvkYL._AC_UL320_.jpg
Galaxy Lamps The Authentic Galaxy Projector (Blue Stars) | LED Nebula Projector | Star Light Projector for Bedroom | Galaxy Gaming Lights | Star Projector Night Light | Light Projector for Relaxation,$79.99,https://m.media-amazon.com/images/I/51FpcywVuyL._AC_UL320_.jpg
Philips Hue Appear Outdoor Smart Wall Light. Black - White and Color Ambiance LED Color-Changing Light - 1 Pack - Requires Hue Bridge - Control with Hue App and Voice - Weatherproof,$117.79,https://m.media-amazon.com/images/I/71QqNDGWQiL._AC_UL320_.jpg
Outdoor String Lights 50ft Clearance. IP65 Waterproof Smart Color Changing LED Patio Lights for Outside. DIY RGB Party Christmas Cafe Lights Work with Alexa.& Remote,$27.99,https://m.media-amazon.com/images/I/71pJY+YjlHL._AC_UL320_.jpg
Outdoor String Lights 50ft Clearance. IP65 Waterproof Smart Color Changing LED Patio Lights for Outside. DIY RGB Party Christmas Cafe Lights Work with Alexa.& Remote,$27.99,https://m.media-amazon.com/images/I/71pJY+YjlHL._AC_UL320_.jpg
Philips Hue Econic Outdoor Smart Pathway Light - White & Color Ambiance LED Walkway Lights - Low Voltage Lighting - 1 Pack - Requires Bridge and Power Supply - Control with App and Voice -Weatherproof,$115.41,https://m.media-amazon.com/images/I/61Zv0kIOsIL._AC_UL320_.jpg
Philips Hue Econic Square Outdoor Smart Wall Light. Black - White and Color Ambiance LED Color-Changing Light - 1 Pack - Requires Hue Bridge - Control with Hue App and Voice - Weatherproof,$169.99,https://m.media-amazon.com/images/I/71fZECTf6BL._AC_UL320_.jpg
Smart Globe Fairy Lights. 32.8ft Waterproof LED String Lights for Indoor and Outdoor Decor. Voice and App Controlled with Music Sync for Christmas and Party. Compatible with Alexa and Google Home.,$20.99,https://m.media-amazon.com/images/I/719Sqh6QPCL._AC_UL320_.jpg
HVS Smart Outdoor String Lights LED 36Ft Color Changing RGBW Patio String Lights Infinite Connectable APP Control 2.4GHz WiFi Waterproof 18 Acrylic Work with Alexa Google for Party Outside Cafe,$84.99,https://m.media-amazon.com/images/I/71HhA6j6zfS._AC_UL320_.jpg
Smart Galaxy Star Projector. LED Nebula Ceiling Night Light with App & Voice Control. Perfect for Gaming Rooms. Bedrooms. Home Theater. and Camp Tent. Stunning Starry Sky Effect (White),$39.98,https://m.media-amazon.com/images/I/61YL7G1CRWL._AC_UL320_.jpg
Philips Hue Lily White & Color Outdoor Spot Light Base kit (Hue Hub Required). 3 Spot Lights with Power Supply + Mount. Works with Alexa. HomeKit & Google Assistant,$265.99,https://m.media-amazon.com/images/I/51KCV5E4TEL._AC_UL320_.jpg
Atomi Smart WiFi LED Spot Lights – 4-Pack Starter Kit. 400 Lumens 10W. Dimmable. Outdoor IP65 Waterproof. White and RGB Color-Changing Light. App Control. Works with Alexa and Google Assistant,$239.95,https://m.media-amazon.com/images/I/81NusSzUwPL._AC_UL320_.jpg
HBN 48ft Smart Outdoor Dimmable Patio Light LED Lights Smart String Light. 24 Round Bulbs. 2.4 GHz Only. Compatible with Alexa/Google Assistant. App Controlled. No Hub Needed. IP65 Waterproof,$40.99,https://m.media-amazon.com/images/I/71QaTV+wh3S._AC_UL320_.jpg
Philips Hue Impress Outdoor Smart Wall Light. Black - 16W. White and Color Ambiance LED Light - 1 Pack - Requires Hue Bridge and Outdoor Power Supply - Control with Hue App and Voice - Weatherproof,$144.56,https://m.media-amazon.com/images/I/61MdB+iDrOS._AC_UL320_.jpg
Aurora Projector.Northern Lights Star Projector Bluetooth Speaker/Timer/Remote.White Noise Night Light Galaxy Projector Works with Alexa & Smart App Star Light for Ceiling Bedroom Decor Kids Adults,$29.99,https://m.media-amazon.com/images/I/71swSe2c9TL._AC_UL320_.jpg
Philips Hue Resonate Outdoor Smart Wall Light. Black - White and Color Ambiance LED Color-Changing Light - 1 Pack - Requires Hue Bridge - Control with Hue App and Voice - Weatherproof,$139.00,https://m.media-amazon.com/images/I/71lrxKpzm6L._AC_UL320_.jpg
UBREW USA Smart Home Candles. USB Powered. Flameless Safe Electric Extra Bright Real Wax Pillars LED Candle. Dorm Room Safe. Flickering. Compatible with Alexa. Google Assistant. IFTTT.,$54.99,https://m.media-amazon.com/images/I/51f6nydvUkL._AC_UL320_.jpg
XMCOSY+ Low Voltage Landscape Lights. 400LM Smart Outdoor Lights with APP Control. LED RGBW Landscape Lighting. Works with Alexa. 12V 8W Outdoor Landscape Path Lights for Yard Garden Walkway. 4 Pack,$114.99,https://m.media-amazon.com/images/I/613DOfQyEbL._AC_UL320_.jpg
Atomi Smart WiFi LED Pathway Lights—2-Pack Extension Kit. 800 Lumens. Tunable. Dimmable. Link up to 40 Lights. Use with The 4-Pack Pathway Lights. App Control. Works with Alexa and Google Assistant,$139.99,https://m.media-amazon.com/images/I/71mM0LemioL._AC_UL320_.jpg
createreedo Fairy Lights Battery Operated Multi-Colored 16.5 FT 50 led String Lights Christmas Lights for Bedroom/Party/Holiday/DIY Decor etc.,Null,https://m.media-amazon.com/images/I/61wL9ZA18EL._AC_UL320_.jpg
Atomi Smart Color-Changing String Lights– 24ft. 12 Shatterproof Bulbs 20W. Tunable. Dimmable. Outdoor IP65. White and Color-Changing 2500K-9000K. App Control. Works with Alexa and Google Assistant,Null,https://m.media-amazon.com/images/I/71sk6xXb7pL._AC_UL320_.jpg
Avatar Controls 32.8ft Smart Fairy Lights Works w/Alexa Google. Color Changing LED Lights with Remote&APP. Music Sync Fairy Lights with 20 Flash Modes. Dreamcolor Plug in USB String Lights with Timer,$11.99,https://m.media-amazon.com/images/I/71eRW9HaCfL._AC_UL320_.jpg
LED Curtain Lights WiFi Smart Twinkle String Window Lights Work with Echo Alexa Google Assistant. Remote APP Rainbow RGB Color Changing Fairy Lights for Holiday Decor Indoor Outdoor 9.8x9.8 FT(SCL),$38.99,https://m.media-amazon.com/images/I/613xK-Zs58L._AC_UL320_.jpg
Philips Hue Ludere White Outdoor Security Light. Outdoor Wall Fixture & 2 Hue PAR38 LED Smart Bulbs (Requires Hue Hub. Works with Alexa and More),$89.98,https://m.media-amazon.com/images/I/71f6dn-MKeL._AC_UL320_.jpg
Atomi Smart WiFi LED Pathway Lights— 4-Pack Starter Kit. 800 Lumens. Tunable. Dimmable. Link up to 40 Lights. IP65-Rated. White and RGB 2500K-9000K. App Control. Works with Alexa and Google Assistant,$285.99,https://m.media-amazon.com/images/I/71na1vnHq+L._AC_UL320_.jpg
innr Smart Outdoor Lights. Color Pathway Lights. Works with Philips Hue*. Alexa. Hey Google. SmartThings (Hub Required) Zigbee Outdoor Lights. 3-Pack with Power Supply and RGBW Control Box. OPL 130C,$89.99,https://m.media-amazon.com/images/I/718inFHWJxL._AC_UL320_.jpg
Philips Hue White & Color Ambiance Outdoor LightStrip 2m/7ft (Requires Hue Hub. Works with Amazon Alexa. Apple HomeKit. and Google Assistant),$141.19,https://m.media-amazon.com/images/I/51xGMQWh0fL._AC_UL320_.jpg
FVTLED LED Deck Lights Kit. 10pcs Φ1.22 WiFi Smart Phone Control Low Voltage Recessed RGBW Deck Lighting Waterproof Outdoor Yard Path Stair Decor. Black,$74.99,https://m.media-amazon.com/images/I/71UpMRjKmgL._AC_UL320_.jpg
Jeep Wrangler 77072395AB 2" Lift Kit,,https://m.media-amazon.com/images/I/71OHWdmIVWL._AC_UY218_.jpg
Jeep Wrangler 77072395AB 2" Lift Kit,$1,687.05,https://m.media-amazon.com/images/I/71OHWdmIVWL._AC_UY218_.jpg
Chrysler Dodge 3.5L 4.0L Engine Rocker Arm Assembly Shaft Lifter Set of 2 OEM,$1,468.04,https://m.media-amazon.com/images/I/81+5ILwVDkL._AC_UY218_.jpg
Subaru 10103AC030 Short Block Engine,$1,999.00,https://m.media-amazon.com/images/I/914na1eNSqL._AC_UY218_.jpg
Ford Racing 7.3L V8 Super Duty Crate Engine (No Cancel No Returns),$8,788.84,https://m.media-amazon.com/images/I/71paPdTUkeL._AC_UY218_.jpg
Ford Performance M-6017-504V Coyote Engine Control Pack,$2,107.97,https://m.media-amazon.com/images/I/71KJuRalVVL._AC_UY218_.jpg
11122413815 -BMW M Performance Carbon Engine Cover,$1,458.94,https://m.media-amazon.com/images/I/317nIfoRviL._AC_UY218_.jpg
Govee Smart Outdoor String Lights H7021. RGBIC Warm White 96ft (2 Ropes of 48ft) LED Bulbs for Christmas Decorations Outdoor. WiFi Patio Lights Work with Alexa. Google. APP Control. IP65 Waterproof,$99.99,https://m.media-amazon.com/images/I/6130Tkx9pdL._AC_UL320_.jpg
Govee Smart Outdoor String Lights H7021. RGBIC Warm White 96ft (2 Ropes of 48ft) LED Bulbs for Christmas Decorations Outdoor. WiFi Patio Lights Work with Alexa. Google. APP Control. IP65 Waterproof,$99.99,https://m.media-amazon.com/images/I/6130Tkx9pdL._AC_UL320_.jpg
Ford Cylinder Head. Super Cobra Jet. Assembled. 2.020/1.760 in Valves. 290 cc Intake. 72 cc Chamber. Dual Spring. Aluminum. Big Block Ford. Each,$1,720.55,https://m.media-amazon.com/images/I/51m6j05xOwL._AC_UY218_.jpg
Twinkly Strings 400 LED RGB. LED Light String for in- and Outdoor. Christmas Lights. Smart LED Lights. Mappable LEDs. Compatible with Alexa and Google Home. IP44. Green Wire. 105ft,$99.99,https://m.media-amazon.com/images/I/81AgFWKGZGL._AC_UL320_.jpg
Mopar P5007909AB BLOCK A-8 ENGINE,$8,615.45,https://m.media-amazon.com/images/I/41Evn6bs8uL._AC_UY218_.jpg
Govee Outdoor String Lights H7015 with 15 Dimmable RGBIC LED Bulbs. 48ft IP65 Waterproof Shatterproof Christmas Decorations. Color Changing Warm White Lights with 47 Scene Modes for Christmas,$29.99,https://m.media-amazon.com/images/I/718zY0RiJUL._AC_UL320_.jpg
FORD Engine Control Module. Harness/Modules/Sensors. Manual Transmission. Ford Coyote. Kit (M-6017-M50A),$2,099.99,https://m.media-amazon.com/images/I/71zX5R5qShL._AC_UY218_.jpg
Philips Hue Lily Outdoor Smart Spot Light Base Kit - White and Color Ambiance LED Walkway Lights - Low Voltage Landscape Lighting - Requires Bridge - Control with App and Voice - Weatherproof - 3 Pack,$239.14,https://m.media-amazon.com/images/I/71yXNncuLHL._AC_UL320_.jpg
Ford Cylinder Head. Super Cobra Jet. Assembled. 2.200/1.760 in Valves. 290 cc Intake. 72 cc Chamber. Dual Springs. Aluminum. Big Block Ford. Each,$1,607.99,https://m.media-amazon.com/images/I/61IL2xktINL._AC_UY218_.jpg
Ring Smart Lighting – Floodlight. Wired. Outdoor Motion-Sensor Security Light. White (Bridge required),$69.99,https://m.media-amazon.com/images/I/61Dxo4BSA2L._AC_UL320_.jpg
2004-2006 Subaru STi Turbocharger IHI VF39 OEM NEW Genuine 14411AA5729L EJ257,$2,302.99,https://m.media-amazon.com/images/I/71kVFyBXJwL._AC_UY218_.jpg
Govee Outdoor Ground Lights. Patio Decorations. IP67 Low Voltage Pathway Lights 36ft. RGBIC with Warm White. 15 Pack. App Control Walkway Lights with 43 Scene Modes. Sync with Music. 80 LM,$59.99,https://m.media-amazon.com/images/I/712WqYcpbiL._AC_UL320_.jpg
Mopar 77072479 Dodge Durango Cat Back Exhaust,$1,474.54,https://m.media-amazon.com/images/I/41eoat3fEpL._AC_UY218_.jpg
Ring Solar Pathlight - Outdoor Motion-Sensor Security Light. Black (Bridge required),$34.99,https://m.media-amazon.com/images/I/61GQJrm+NBL._AC_UL320_.jpg
Volvo Truck Repaired EGR Valve D12 Engine 21001173RM,$1,309.12,https://m.media-amazon.com/images/I/610i5QZVw1L._AC_UY218_.jpg
Govee Outdoor String Lights. 48ft Smart Outdoor String Lights with 15 Dimmable Warm White LED Bulbs. IP65 Waterproof Shatterproof Patio Lights for Party. Wedding. Christmas Decorations. 70lm per Bulb,$36.99,https://m.media-amazon.com/images/I/61TnRwXvFEL._AC_UL320_.jpg
2014-2019 Jeep Ram Turbocharger For 3.0L Diesel Engines New Mopar OEM,$1,765.33,https://m.media-amazon.com/images/I/71Type-ftXL._AC_UY218_.jpg
Ring Smart Lighting – Pathlight. Battery-Powered. Outdoor Motion-Sensor Security Light. Black (Bridge required),$29.99,https://m.media-amazon.com/images/I/61IZy8d6UoL._AC_UL320_.jpg
Ring Smart Lighting – Spotlight. Battery-Powered. Outdoor Motion-Sensor Security Light. White (Bridge required),$39.99,https://m.media-amazon.com/images/I/61EbRbXZgrL._AC_UL320_.jpg
Mopar 82214586AB Shaker Hood Air Induction Kit Dodge Challenger 6.4L Engine,$2,868.02,https://m.media-amazon.com/images/I/61pFtA21gdL._AC_UY218_.jpg
XMCOSY+ Patio Lights. Smart Outdoor String Lights 50Ft. G40 Globe Patio Lights with 25 Dimmable LED Bulbs. APP Control. Work with Alexa. Connectable Waterproof LED Outdoor Lights for Patio Porch,$39.99,https://m.media-amazon.com/images/I/71nTJVNWQBL._AC_UL320_.jpg
Dodge Ram 2500 3500 6.7L Cummins Diesel EGR Valve & Gaskets Mopar OEM,$1,471.71,https://m.media-amazon.com/images/I/91vhuTJBRFL._AC_UY218_.jpg
Polaris Ranger Crankshaft Kit. 700 ATV. Genuine OEM Part 2203067. Qty 1,$1,544.99,https://m.media-amazon.com/images/I/51pgqZaJ9FL._AC_UY218_.jpg
Ring Solar Floodlight -- Outdoor Motion-Sensor Security Light. White (Bridge required),$89.99,https://m.media-amazon.com/images/I/71q7KcUsUvL._AC_UL320_.jpg
Polaris Snowmobile Crankshaft Assembly. Genuine OEM Part 3089483. Qty 1,$1,647.09,https://m.media-amazon.com/images/I/61tP4FsvBzL._AC_UY218_.jpg
Twinkly Icicle – App-Controlled LED Christmas Lights with 190 RGB+W (16 Million Colors + Pure Warm White) LEDs. Clear Wire. Indoor and Outdoor Smart Lighting Decoration,$104.08,https://m.media-amazon.com/images/I/81vABCxg3LL._AC_UL320_.jpg
Polaris Snowmobile SDI Monoblock Cylinder. 85 mm. Genuine OEM Part 3022449. Qty 1,$1,344.99,https://m.media-amazon.com/images/I/61c-YKQ88kL._AC_UY218_.jpg
Brightech Ambience Pro Outdoor String Lights - Commercial Grade Waterproof Patio Lights with 48 Ft Dimmable Incandescent Edison Bulbs. Porch String Lights for Patio. Backyard - 15 Bulbs 11W,$39.99,https://m.media-amazon.com/images/I/715LnXudvuL._AC_UL320_.jpg
Subaru 31705AA662 Transmission Valve Assembly Control,$1,535.83,https://m.media-amazon.com/images/I/41MTfZOOjlL._AC_UY218_.jpg
XMCOSY+ Outdoor String Lights. Smart 49Ft Patio Lights RGB. App & WiFi Control Color Changing LED String Lights with Dimmable 15 LED Bulbs. Works with Alexa. IP65 Waterproof. Shatterproof,$69.99,https://m.media-amazon.com/images/I/71IHJHKyt9L._AC_UL320_.jpg
Polaris Snowmobile Crankshaft 3090347. Genuine OEM Part 2205649. Qty 1,$2,153.99,https://m.media-amazon.com/images/I/51PbjvxH3fL._AC_UY218_.jpg
Ring Solar Steplight -- Outdoor Motion-Sensor Security Light. Black (Bridge required),$29.99,https://m.media-amazon.com/images/I/51HkHPQyqtL._AC_UL320_.jpg
Philips Hue Calla Outdoor Smart Pathway Light - White & Color Ambiance LED Walkway Lights - Low Voltage Lighting - 1 Pack - Requires Bridge and Power Supply - Control with App and Voice - Weatherproof,$116.97,https://m.media-amazon.com/images/I/71mqj6ZQ7VL._AC_UL320_.jpg
DMA1 Marine Engine (Remanufactured. FORD 351W 88-94),$3,980.72,https://m.media-amazon.com/images/I/81B5jPMH9ML._AC_UY218_.jpg
Philips Hue Lily XL Outdoor Smart Spot Light - White & Color Ambiance LED Walkway Lights - Low Voltage Lighting - 1 Pack - Requires Bridge and Power Supply - Control with App and Voice - Weatherproof,$154.00,https://m.media-amazon.com/images/I/71LYxOsirGL._AC_UL320_.jpg
MOPAR 52059729AN - Tank Fuel,$1,465.90,https://m.media-amazon.com/images/I/41KSxuxXvCL._AC_UY218_.jpg
XMCOSY+ Outdoor String Lights. 98Ft Smart Patio Lights Waterproof. WiFi Control. Work with Alexa. Dimmable Edison LED String Lights for Outside Yard,$84.99,https://m.media-amazon.com/images/I/71sS6RDCN9L._AC_UL320_.jpg
Ford BC3Z-6K682-B. Turbocharger,$1,822.06,https://m.media-amazon.com/images/I/711MzJDQaqL._AC_UY218_.jpg
Cree Lighting Connected Max Smart Led Bulb Par38 Outdoor Flood Tunable White + Color Changing. 2.4 Ghz. Works with Alexa and Google Home. No Hub Required. Bluetooth + WiFi. 1Pk,$13.49,https://m.media-amazon.com/images/I/81qQxUItNtL._AC_UL320_.jpg
Polaris ATV Power Steering Assembly. ATV. Genuine OEM Part 2413344. Qty 1,$2,000.00,https://m.media-amazon.com/images/I/51hYTKVX7kS._AC_UY218_.jpg
SURAIELEC WiFi Pool Timer. 40 AMP. 1HP 120V. 2HP 240V. Outdoor Indoor Smart Switch. Heavy Duty Pool Controller Light Timer Box for Pool Pump. Water Heater. Spa. Powerful Electrical Appliances,$42.99,https://m.media-amazon.com/images/I/719q-ITx2lS._AC_UL320_.jpg
Philips Hue White & Color Ambiance Outdoor LightStrip 5m/16ft (Requires Hue Hub. Works with Amazon Alexa Apple HomeKit and Google Assistant) (530931),$238.45,https://m.media-amazon.com/images/I/71HWjLUvkYL._AC_UL320_.jpg
Galaxy Lamps The Authentic Galaxy Projector (Blue Stars) | LED Nebula Projector | Star Light Projector for Bedroom | Galaxy Gaming Lights | Star Projector Night Light | Light Projector for Relaxation,$79.99,https://m.media-amazon.com/images/I/51FpcywVuyL._AC_UL320_.jpg
Philips Hue Appear Outdoor Smart Wall Light. Black - White and Color Ambiance LED Color-Changing Light - 1 Pack - Requires Hue Bridge - Control with Hue App and Voice - Weatherproof,$117.79,https://m.media-amazon.com/images/I/71QqNDGWQiL._AC_UL320_.jpg
Outdoor String Lights 50ft Clearance. IP65 Waterproof Smart Color Changing LED Patio Lights for Outside. DIY RGB Party Christmas Cafe Lights Work with Alexa.& Remote,$27.99,https://m.media-amazon.com/images/I/71pJY+YjlHL._AC_UL320_.jpg
Outdoor String Lights 50ft Clearance. IP65 Waterproof Smart Color Changing LED Patio Lights for Outside. DIY RGB Party Christmas Cafe Lights Work with Alexa.& Remote,$27.99,https://m.media-amazon.com/images/I/71pJY+YjlHL._AC_UL320_.jpg
Philips Hue Econic Outdoor Smart Pathway Light - White & Color Ambiance LED Walkway Lights - Low Voltage Lighting - 1 Pack - Requires Bridge and Power Supply - Control with App and Voice -Weatherproof,$115.41,https://m.media-amazon.com/images/I/61Zv0kIOsIL._AC_UL320_.jpg
Philips Hue Econic Square Outdoor Smart Wall Light. Black - White and Color Ambiance LED Color-Changing Light - 1 Pack - Requires Hue Bridge - Control with Hue App and Voice - Weatherproof,$169.99,https://m.media-amazon.com/images/I/71fZECTf6BL._AC_UL320_.jpg
Smart Globe Fairy Lights. 32.8ft Waterproof LED String Lights for Indoor and Outdoor Decor. Voice and App Controlled with Music Sync for Christmas and Party. Compatible with Alexa and Google Home.,$20.99,https://m.media-amazon.com/images/I/719Sqh6QPCL._AC_UL320_.jpg
HVS Smart Outdoor String Lights LED 36Ft Color Changing RGBW Patio String Lights Infinite Connectable APP Control 2.4GHz WiFi Waterproof 18 Acrylic Work with Alexa Google for Party Outside Cafe,$84.99,https://m.media-amazon.com/images/I/71HhA6j6zfS._AC_UL320_.jpg
Smart Galaxy Star Projector. LED Nebula Ceiling Night Light with App & Voice Control. Perfect for Gaming Rooms. Bedrooms. Home Theater. and Camp Tent. Stunning Starry Sky Effect (White),$39.98,https://m.media-amazon.com/images/I/61YL7G1CRWL._AC_UL320_.jpg
Philips Hue Lily White & Color Outdoor Spot Light Base kit (Hue Hub Required). 3 Spot Lights with Power Supply + Mount. Works with Alexa. HomeKit & Google Assistant,$265.99,https://m.media-amazon.com/images/I/51KCV5E4TEL._AC_UL320_.jpg
Atomi Smart WiFi LED Spot Lights – 4-Pack Starter Kit. 400 Lumens 10W. Dimmable. Outdoor IP65 Waterproof. White and RGB Color-Changing Light. App Control. Works with Alexa and Google Assistant,$239.95,https://m.media-amazon.com/images/I/81NusSzUwPL._AC_UL320_.jpg
HBN 48ft Smart Outdoor Dimmable Patio Light LED Lights Smart String Light. 24 Round Bulbs. 2.4 GHz Only. Compatible with Alexa/Google Assistant. App Controlled. No Hub Needed. IP65 Waterproof,$40.99,https://m.media-amazon.com/images/I/71QaTV+wh3S._AC_UL320_.jpg
Philips Hue Impress Outdoor Smart Wall Light. Black - 16W. White and Color Ambiance LED Light - 1 Pack - Requires Hue Bridge and Outdoor Power Supply - Control with Hue App and Voice - Weatherproof,$144.56,https://m.media-amazon.com/images/I/61MdB+iDrOS._AC_UL320_.jpg
Aurora Projector.Northern Lights Star Projector Bluetooth Speaker/Timer/Remote.White Noise Night Light Galaxy Projector Works with Alexa & Smart App Star Light for Ceiling Bedroom Decor Kids Adults,$29.99,https://m.media-amazon.com/images/I/71swSe2c9TL._AC_UL320_.jpg
Philips Hue Resonate Outdoor Smart Wall Light. Black - White and Color Ambiance LED Color-Changing Light - 1 Pack - Requires Hue Bridge - Control with Hue App and Voice - Weatherproof,$139.00,https://m.media-amazon.com/images/I/71lrxKpzm6L._AC_UL320_.jpg
UBREW USA Smart Home Candles. USB Powered. Flameless Safe Electric Extra Bright Real Wax Pillars LED Candle. Dorm Room Safe. Flickering. Compatible with Alexa. Google Assistant. IFTTT.,$54.99,https://m.media-amazon.com/images/I/51f6nydvUkL._AC_UL320_.jpg
XMCOSY+ Low Voltage Landscape Lights. 400LM Smart Outdoor Lights with APP Control. LED RGBW Landscape Lighting. Works with Alexa. 12V 8W Outdoor Landscape Path Lights for Yard Garden Walkway. 4 Pack,$114.99,https://m.media-amazon.com/images/I/613DOfQyEbL._AC_UL320_.jpg
Atomi Smart WiFi LED Pathway Lights—2-Pack Extension Kit. 800 Lumens. Tunable. Dimmable. Link up to 40 Lights. Use with The 4-Pack Pathway Lights. App Control. Works with Alexa and Google Assistant,$139.99,https://m.media-amazon.com/images/I/71mM0LemioL._AC_UL320_.jpg
createreedo Fairy Lights Battery Operated Multi-Colored 16.5 FT 50 led String Lights Christmas Lights for Bedroom/Party/Holiday/DIY Decor etc.,Null,https://m.media-amazon.com/images/I/61wL9ZA18EL._AC_UL320_.jpg
Atomi Smart Color-Changing String Lights– 24ft. 12 Shatterproof Bulbs 20W. Tunable. Dimmable. Outdoor IP65. White and Color-Changing 2500K-9000K. App Control. Works with Alexa and Google Assistant,Null,https://m.media-amazon.com/images/I/71sk6xXb7pL._AC_UL320_.jpg
Avatar Controls 32.8ft Smart Fairy Lights Works w/Alexa Google. Color Changing LED Lights with Remote&APP. Music Sync Fairy Lights with 20 Flash Modes. Dreamcolor Plug in USB String Lights with Timer,$11.99,https://m.media-amazon.com/images/I/71eRW9HaCfL._AC_UL320_.jpg
LED Curtain Lights WiFi Smart Twinkle String Window Lights Work with Echo Alexa Google Assistant. Remote APP Rainbow RGB Color Changing Fairy Lights for Holiday Decor Indoor Outdoor 9.8x9.8 FT(SCL),$38.99,https://m.media-amazon.com/images/I/613xK-Zs58L._AC_UL320_.jpg
Philips Hue Ludere White Outdoor Security Light. Outdoor Wall Fixture & 2 Hue PAR38 LED Smart Bulbs (Requires Hue Hub. Works with Alexa and More),$89.98,https://m.media-amazon.com/images/I/71f6dn-MKeL._AC_UL320_.jpg
Atomi Smart WiFi LED Pathway Lights— 4-Pack Starter Kit. 800 Lumens. Tunable. Dimmable. Link up to 40 Lights. IP65-Rated. White and RGB 2500K-9000K. App Control. Works with Alexa and Google Assistant,$285.99,https://m.media-amazon.com/images/I/71na1vnHq+L._AC_UL320_.jpg
innr Smart Outdoor Lights. Color Pathway Lights. Works with Philips Hue*. Alexa. Hey Google. SmartThings (Hub Required) Zigbee Outdoor Lights. 3-Pack with Power Supply and RGBW Control Box. OPL 130C,$89.99,https://m.media-amazon.com/images/I/718inFHWJxL._AC_UL320_.jpg
Philips Hue White & Color Ambiance Outdoor LightStrip 2m/7ft (Requires Hue Hub. Works with Amazon Alexa. Apple HomeKit. and Google Assistant),$141.19,https://m.media-amazon.com/images/I/51xGMQWh0fL._AC_UL320_.jpg
FVTLED LED Deck Lights Kit. 10pcs Φ1.22 WiFi Smart Phone Control Low Voltage Recessed RGBW Deck Lighting Waterproof Outdoor Yard Path Stair Decor. Black,$74.99,https://m.media-amazon.com/images/I/71UpMRjKmgL._AC_UL320_.jpg
Jeep Wrangler 77072395AB 2" Lift Kit,,https://m.media-amazon.com/images/I/71OHWdmIVWL._AC_UY218_.jpg
Jeep Wrangler 77072395AB 2" Lift Kit,$1,687.05,https://m.media-amazon.com/images/I/71OHWdmIVWL._AC_UY218_.jpg
Chrysler Dodge 3.5L 4.0L Engine Rocker Arm Assembly Shaft Lifter Set of 2 OEM,$1,468.04,https://m.media-amazon.com/images/I/81+5ILwVDkL._AC_UY218_.jpg
Subaru 10103AC030 Short Block Engine,$1,999.00,https://m.media-amazon.com/images/I/914na1eNSqL._AC_UY218_.jpg
Ford Racing 7.3L V8 Super Duty Crate Engine (No Cancel No Returns),$8,788.84,https://m.media-amazon.com/images/I/71paPdTUkeL._AC_UY218_.jpg
Ford Performance M-6017-504V Coyote Engine Control Pack,$2,107.97,https://m.media-amazon.com/images/I/71KJuRalVVL._AC_UY218_.jpg
11122413815 -BMW M Performance Carbon Engine Cover,$1,458.94,https://m.media-amazon.com/images/I/317nIfoRviL._AC_UY218_.jpg
Ford Cylinder Head. Super Cobra Jet. Assembled. 2.020/1.760 in Valves. 290 cc Intake. 72 cc Chamber. Dual Spring. Aluminum. Big Block Ford. Each,$1,720.55,https://m.media-amazon.com/images/I/51m6j05xOwL._AC_UY218_.jpg
Mopar P5007909AB BLOCK A-8 ENGINE,$8,615.45,https://m.media-amazon.com/images/I/41Evn6bs8uL._AC_UY218_.jpg
FORD Engine Control Module. Harness/Modules/Sensors. Manual Transmission. Ford Coyote. Kit (M-6017-M50A),$2,099.99,https://m.media-amazon.com/images/I/71zX5R5qShL._AC_UY218_.jpg
Ford Cylinder Head. Super Cobra Jet. Assembled. 2.200/1.760 in Valves. 290 cc Intake. 72 cc Chamber. Dual Springs. Aluminum. Big Block Ford. Each,$1,607.99,https://m.media-amazon.com/images/I/61IL2xktINL._AC_UY218_.jpg
2004-2006 Subaru STi Turbocharger IHI VF39 OEM NEW Genuine 14411AA5729L EJ257,$2,302.99,https://m.media-amazon.com/images/I/71kVFyBXJwL._AC_UY218_.jpg
Mopar 77072479 Dodge Durango Cat Back Exhaust,$1,474.54,https://m.media-amazon.com/images/I/41eoat3fEpL._AC_UY218_.jpg
Volvo Truck Repaired EGR Valve D12 Engine 21001173RM,$1,309.12,https://m.media-amazon.com/images/I/610i5QZVw1L._AC_UY218_.jpg
2014-2019 Jeep Ram Turbocharger For 3.0L Diesel Engines New Mopar OEM,$1,765.33,https://m.media-amazon.com/images/I/71Type-ftXL._AC_UY218_.jpg
Mopar 82214586AB Shaker Hood Air Induction Kit Dodge Challenger 6.4L Engine,$2,868.02,https://m.media-amazon.com/images/I/61pFtA21gdL._AC_UY218_.jpg
Dodge Ram 2500 3500 6.7L Cummins Diesel EGR Valve & Gaskets Mopar OEM,$1,471.71,https://m.media-amazon.com/images/I/91vhuTJBRFL._AC_UY218_.jpg
Polaris Ranger Crankshaft Kit. 700 ATV. Genuine OEM Part 2203067. Qty 1,$1,544.99,https://m.media-amazon.com/images/I/51pgqZaJ9FL._AC_UY218_.jpg
Polaris Snowmobile Crankshaft Assembly. Genuine OEM Part 3089483. Qty 1,$1,647.09,https://m.media-amazon.com/images/I/61tP4FsvBzL._AC_UY218_.jpg
Polaris Snowmobile SDI Monoblock Cylinder. 85 mm. Genuine OEM Part 3022449. Qty 1,$1,344.99,https://m.media-amazon.com/images/I/61c-YKQ88kL._AC_UY218_.jpg
Subaru 31705AA662 Transmission Valve Assembly Control,$1,535.83,https://m.media-amazon.com/images/I/41MTfZOOjlL._AC_UY218_.jpg
Polaris Snowmobile Crankshaft 3090347. Genuine OEM Part 2205649. Qty 1,$2,153.99,https://m.media-amazon.com/images/I/51PbjvxH3fL._AC_UY218_.jpg
DMA1 Marine Engine (Remanufactured. FORD 351W 88-94),$3,980.72,https://m.media-amazon.com/images/I/81B5jPMH9ML._AC_UY218_.jpg
MOPAR 52059729AN - Tank Fuel,$1,465.90,https://m.media-amazon.com/images/I/41KSxuxXvCL._AC_UY218_.jpg
Ford BC3Z-6K682-B. Turbocharger,$1,822.06,https://m.media-amazon.com/images/I/711MzJDQaqL._AC_UY218_.jpg
Polaris ATV Power Steering Assembly. ATV. Genuine OEM Part 2413344. Qty 1,$2,000.00,https://m.media-amazon.com/images/I/51hYTKVX7kS._AC_UY218_.jpg
Govee Smart Outdoor String Lights H7021. RGBIC Warm White 96ft (2 Ropes of 48ft) LED Bulbs for Christmas Decorations Outdoor. WiFi Patio Lights Work with Alexa. Google. APP Control. IP65 Waterproof,$99.99,https://m.media-amazon.com/images/I/6130Tkx9pdL._AC_UL320_.jpg
Govee Smart Outdoor String Lights H7021. RGBIC Warm White 96ft (2 Ropes of 48ft) LED Bulbs for Christmas Decorations Outdoor. WiFi Patio Lights Work with Alexa. Google. APP Control. IP65 Waterproof,$99.99,https://m.media-amazon.com/images/I/6130Tkx9pdL._AC_UL320_.jpg
Twinkly Strings 400 LED RGB. LED Light String for in- and Outdoor. Christmas Lights. Smart LED Lights. Mappable LEDs. Compatible with Alexa and Google Home. IP44. Green Wire. 105ft,$99.99,https://m.media-amazon.com/images/I/81AgFWKGZGL._AC_UL320_.jpg
Govee Outdoor String Lights H7015 with 15 Dimmable RGBIC LED Bulbs. 48ft IP65 Waterproof Shatterproof Christmas Decorations. Color Changing Warm White Lights with 47 Scene Modes for Christmas,$29.99,https://m.media-amazon.com/images/I/718zY0RiJUL._AC_UL320_.jpg
Philips Hue Lily Outdoor Smart Spot Light Base Kit - White and Color Ambiance LED Walkway Lights - Low Voltage Landscape Lighting - Requires Bridge - Control with App and Voice - Weatherproof - 3 Pack,$239.14,https://m.media-amazon.com/images/I/71yXNncuLHL._AC_UL320_.jpg
Ring Smart Lighting – Floodlight. Wired. Outdoor Motion-Sensor Security Light. White (Bridge required),$69.99,https://m.media-amazon.com/images/I/61Dxo4BSA2L._AC_UL320_.jpg
Govee Outdoor Ground Lights. Patio Decorations. IP67 Low Voltage Pathway Lights 36ft. RGBIC with Warm White. 15 Pack. App Control Walkway Lights with 43 Scene Modes. Sync with Music. 80 LM,$59.99,https://m.media-amazon.com/images/I/712WqYcpbiL._AC_UL320_.jpg
Ring Solar Pathlight - Outdoor Motion-Sensor Security Light. Black (Bridge required),$34.99,https://m.media-amazon.com/images/I/61GQJrm+NBL._AC_UL320_.jpg
Govee Outdoor String Lights. 48ft Smart Outdoor String Lights with 15 Dimmable Warm White LED Bulbs. IP65 Waterproof Shatterproof Patio Lights for Party. Wedding. Christmas Decorations. 70lm per Bulb,$36.99,https://m.media-amazon.com/images/I/61TnRwXvFEL._AC_UL320_.jpg
Ring Smart Lighting – Pathlight. Battery-Powered. Outdoor Motion-Sensor Security Light. Black (Bridge required),$29.99,https://m.media-amazon.com/images/I/61IZy8d6UoL._AC_UL320_.jpg
Ring Smart Lighting – Spotlight. Battery-Powered. Outdoor Motion-Sensor Security Light. White (Bridge required),$39.99,https://m.media-amazon.com/images/I/61EbRbXZgrL._AC_UL320_.jpg
XMCOSY+ Patio Lights. Smart Outdoor String Lights 50Ft. G40 Globe Patio Lights with 25 Dimmable LED Bulbs. APP Control. Work with Alexa. Connectable Waterproof LED Outdoor Lights for Patio Porch,$39.99,https://m.media-amazon.com/images/I/71nTJVNWQBL._AC_UL320_.jpg
Ring Solar Floodlight -- Outdoor Motion-Sensor Security Light. White (Bridge required),$89.99,https://m.media-amazon.com/images/I/71q7KcUsUvL._AC_UL320_.jpg
Twinkly Icicle – App-Controlled LED Christmas Lights with 190 RGB+W (16 Million Colors + Pure Warm White) LEDs. Clear Wire. Indoor and Outdoor Smart Lighting Decoration,$104.08,https://m.media-amazon.com/images/I/81vABCxg3LL._AC_UL320_.jpg
Brightech Ambience Pro Outdoor String Lights - Commercial Grade Waterproof Patio Lights with 48 Ft Dimmable Incandescent Edison Bulbs. Porch String Lights for Patio. Backyard - 15 Bulbs 11W,$39.99,https://m.media-amazon.com/images/I/715LnXudvuL._AC_UL320_.jpg
XMCOSY+ Outdoor String Lights. Smart 49Ft Patio Lights RGB. App & WiFi Control Color Changing LED String Lights with Dimmable 15 LED Bulbs. Works with Alexa. IP65 Waterproof. Shatterproof,$69.99,https://m.media-amazon.com/images/I/71IHJHKyt9L._AC_UL320_.jpg
Ring Solar Steplight -- Outdoor Motion-Sensor Security Light. Black (Bridge required),$29.99,https://m.media-amazon.com/images/I/51HkHPQyqtL._AC_UL320_.jpg
Philips Hue Calla Outdoor Smart Pathway Light - White & Color Ambiance LED Walkway Lights - Low Voltage Lighting - 1 Pack - Requires Bridge and Power Supply - Control with App and Voice - Weatherproof,$116.97,https://m.media-amazon.com/images/I/71mqj6ZQ7VL._AC_UL320_.jpg
Philips Hue Lily XL Outdoor Smart Spot Light - White & Color Ambiance LED Walkway Lights - Low Voltage Lighting - 1 Pack - Requires Bridge and Power Supply - Control with App and Voice - Weatherproof,$154.00,https://m.media-amazon.com/images/I/71LYxOsirGL._AC_UL320_.jpg
XMCOSY+ Outdoor String Lights. 98Ft Smart Patio Lights Waterproof. WiFi Control. Work with Alexa. Dimmable Edison LED String Lights for Outside Yard,$84.99,https://m.media-amazon.com/images/I/71sS6RDCN9L._AC_UL320_.jpg
Cree Lighting Connected Max Smart Led Bulb Par38 Outdoor Flood Tunable White + Color Changing. 2.4 Ghz. Works with Alexa and Google Home. No Hub Required. Bluetooth + WiFi. 1Pk,$13.49,https://m.media-amazon.com/images/I/81qQxUItNtL._AC_UL320_.jpg
SURAIELEC WiFi Pool Timer. 40 AMP. 1HP 120V. 2HP 240V. Outdoor Indoor Smart Switch. Heavy Duty Pool Controller Light Timer Box for Pool Pump. Water Heater. Spa. Powerful Electrical Appliances,$42.99,https://m.media-amazon.com/images/I/719q-ITx2lS._AC_UL320_.jpg
Philips Hue White & Color Ambiance Outdoor LightStrip 5m/16ft (Requires Hue Hub. Works with Amazon Alexa Apple HomeKit and Google Assistant) (530931),$238.45,https://m.media-amazon.com/images/I/71HWjLUvkYL._AC_UL320_.jpg
Galaxy Lamps The Authentic Galaxy Projector (Blue Stars) | LED Nebula Projector | Star Light Projector for Bedroom | Galaxy Gaming Lights | Star Projector Night Light | Light Projector for Relaxation,$79.99,https://m.media-amazon.com/images/I/51FpcywVuyL._AC_UL320_.jpg
Philips Hue Appear Outdoor Smart Wall Light. Black - White and Color Ambiance LED Color-Changing Light - 1 Pack - Requires Hue Bridge - Control with Hue App and Voice - Weatherproof,$117.79,https://m.media-amazon.com/images/I/71QqNDGWQiL._AC_UL320_.jpg
Jeep Wrangler 77072395AB 2" Lift Kit,,https://m.media-amazon.com/images/I/71OHWdmIVWL._AC_UY218_.jpg
Jeep Wrangler 77072395AB 2" Lift Kit,$1,687.05,https://m.media-amazon.com/images/I/71OHWdmIVWL._AC_UY218_.jpg
Chrysler Dodge 3.5L 4.0L Engine Rocker Arm Assembly Shaft Lifter Set of 2 OEM,$1,468.04,https://m.media-amazon.com/images/I/81+5ILwVDkL._AC_UY218_.jpg
Subaru 10103AC030 Short Block Engine,$1,999.00,https://m.media-amazon.com/images/I/914na1eNSqL._AC_UY218_.jpg
Ford Racing 7.3L V8 Super Duty Crate Engine (No Cancel No Returns),$8,788.84,https://m.media-amazon.com/images/I/71paPdTUkeL._AC_UY218_.jpg
Ford Performance M-6017-504V Coyote Engine Control Pack,$2,107.97,https://m.media-amazon.com/images/I/71KJuRalVVL._AC_UY218_.jpg
11122413815 -BMW M Performance Carbon Engine Cover,$1,458.94,https://m.media-amazon.com/images/I/317nIfoRviL._AC_UY218_.jpg
Ford Cylinder Head. Super Cobra Jet. Assembled. 2.020/1.760 in Valves. 290 cc Intake. 72 cc Chamber. Dual Spring. Aluminum. Big Block Ford. Each,$1,720.55,https://m.media-amazon.com/images/I/51m6j05xOwL._AC_UY218_.jpg
Mopar P5007909AB BLOCK A-8 ENGINE,$8,615.45,https://m.media-amazon.com/images/I/41Evn6bs8uL._AC_UY218_.jpg
FORD Engine Control Module. Harness/Modules/Sensors. Manual Transmission. Ford Coyote. Kit (M-6017-M50A),$2,099.99,https://m.media-amazon.com/images/I/71zX5R5qShL._AC_UY218_.jpg
Ford Cylinder Head. Super Cobra Jet. Assembled. 2.200/1.760 in Valves. 290 cc Intake. 72 cc Chamber. Dual Springs. Aluminum. Big Block Ford. Each,$1,607.99,https://m.media-amazon.com/images/I/61IL2xktINL._AC_UY218_.jpg
2004-2006 Subaru STi Turbocharger IHI VF39 OEM NEW Genuine 14411AA5729L EJ257,$2,302.99,https://m.media-amazon.com/images/I/71kVFyBXJwL._AC_UY218_.jpg
Mopar 77072479 Dodge Durango Cat Back Exhaust,$1,474.54,https://m.media-amazon.com/images/I/41eoat3fEpL._AC_UY218_.jpg
Volvo Truck Repaired EGR Valve D12 Engine 21001173RM,$1,309.12,https://m.media-amazon.com/images/I/610i5QZVw1L._AC_UY218_.jpg
2014-2019 Jeep Ram Turbocharger For 3.0L Diesel Engines New Mopar OEM,$1,765.33,https://m.media-amazon.com/images/I/71Type-ftXL._AC_UY218_.jpg
Govee Smart Outdoor String Lights H7021. RGBIC Warm White 96ft (2 Ropes of 48ft) LED Bulbs for Christmas Decorations Outdoor. WiFi Patio Lights Work with Alexa. Google. APP Control. IP65 Waterproof,$99.99,https://m.media-amazon.com/images/I/6130Tkx9pdL._AC_UL320_.jpg
Govee Smart Outdoor String Lights H7021. RGBIC Warm White 96ft (2 Ropes of 48ft) LED Bulbs for Christmas Decorations Outdoor. WiFi Patio Lights Work with Alexa. Google. APP Control. IP65 Waterproof,$99.99,https://m.media-amazon.com/images/I/6130Tkx9pdL._AC_UL320_.jpg
Mopar 82214586AB Shaker Hood Air Induction Kit Dodge Challenger 6.4L Engine,$2,868.02,https://m.media-amazon.com/images/I/61pFtA21gdL._AC_UY218_.jpg
Twinkly Strings 400 LED RGB. LED Light String for in- and Outdoor. Christmas Lights. Smart LED Lights. Mappable LEDs. Compatible with Alexa and Google Home. IP44. Green Wire. 105ft,$99.99,https://m.media-amazon.com/images/I/81AgFWKGZGL._AC_UL320_.jpg
Dodge Ram 2500 3500 6.7L Cummins Diesel EGR Valve & Gaskets Mopar OEM,$1,471.71,https://m.media-amazon.com/images/I/91vhuTJBRFL._AC_UY218_.jpg
Govee Outdoor String Lights H7015 with 15 Dimmable RGBIC LED Bulbs. 48ft IP65 Waterproof Shatterproof Christmas Decorations. Color Changing Warm White Lights with 47 Scene Modes for Christmas,$29.99,https://m.media-amazon.com/images/I/718zY0RiJUL._AC_UL320_.jpg
Polaris Ranger Crankshaft Kit. 700 ATV. Genuine OEM Part 2203067. Qty 1,$1,544.99,https://m.media-amazon.com/images/I/51pgqZaJ9FL._AC_UY218_.jpg
Philips Hue Lily Outdoor Smart Spot Light Base Kit - White and Color Ambiance LED Walkway Lights - Low Voltage Landscape Lighting - Requires Bridge - Control with App and Voice - Weatherproof - 3 Pack,$239.14,https://m.media-amazon.com/images/I/71yXNncuLHL._AC_UL320_.jpg
Polaris Snowmobile Crankshaft Assembly. Genuine OEM Part 3089483. Qty 1,$1,647.09,https://m.media-amazon.com/images/I/61tP4FsvBzL._AC_UY218_.jpg
Ring Smart Lighting – Floodlight. Wired. Outdoor Motion-Sensor Security Light. White (Bridge required),$69.99,https://m.media-amazon.com/images/I/61Dxo4BSA2L._AC_UL320_.jpg
Polaris Snowmobile SDI Monoblock Cylinder. 85 mm. Genuine OEM Part 3022449. Qty 1,$1,344.99,https://m.media-amazon.com/images/I/61c-YKQ88kL._AC_UY218_.jpg
Govee Outdoor Ground Lights. Patio Decorations. IP67 Low Voltage Pathway Lights 36ft. RGBIC with Warm White. 15 Pack. App Control Walkway Lights with 43 Scene Modes. Sync with Music. 80 LM,$59.99,https://m.media-amazon.com/images/I/712WqYcpbiL._AC_UL320_.jpg
Subaru 31705AA662 Transmission Valve Assembly Control,$1,535.83,https://m.media-amazon.com/images/I/41MTfZOOjlL._AC_UY218_.jpg
Ring Solar Pathlight - Outdoor Motion-Sensor Security Light. Black (Bridge required),$34.99,https://m.media-amazon.com/images/I/61GQJrm+NBL._AC_UL320_.jpg
Polaris Snowmobile Crankshaft 3090347. Genuine OEM Part 2205649. Qty 1,$2,153.99,https://m.media-amazon.com/images/I/51PbjvxH3fL._AC_UY218_.jpg
Govee Outdoor String Lights. 48ft Smart Outdoor String Lights with 15 Dimmable Warm White LED Bulbs. IP65 Waterproof Shatterproof Patio Lights for Party. Wedding. Christmas Decorations. 70lm per Bulb,$36.99,https://m.media-amazon.com/images/I/61TnRwXvFEL._AC_UL320_.jpg
DMA1 Marine Engine (Remanufactured. FORD 351W 88-94),$3,980.72,https://m.media-amazon.com/images/I/81B5jPMH9ML._AC_UY218_.jpg
Ring Smart Lighting – Pathlight. Battery-Powered. Outdoor Motion-Sensor Security Light. Black (Bridge required),$29.99,https://m.media-amazon.com/images/I/61IZy8d6UoL._AC_UL320_.jpg
MOPAR 52059729AN - Tank Fuel,$1,465.90,https://m.media-amazon.com/images/I/41KSxuxXvCL._AC_UY218_.jpg
Ring Smart Lighting – Spotlight. Battery-Powered. Outdoor Motion-Sensor Security Light. White (Bridge required),$39.99,https://m.media-amazon.com/images/I/61EbRbXZgrL._AC_UL320_.jpg
XMCOSY+ Patio Lights. Smart Outdoor String Lights 50Ft. G40 Globe Patio Lights with 25 Dimmable LED Bulbs. APP Control. Work with Alexa. Connectable Waterproof LED Outdoor Lights for Patio Porch,$39.99,https://m.media-amazon.com/images/I/71nTJVNWQBL._AC_UL320_.jpg
Ford BC3Z-6K682-B. Turbocharger,$1,822.06,https://m.media-amazon.com/images/I/711MzJDQaqL._AC_UY218_.jpg
Ring Solar Floodlight -- Outdoor Motion-Sensor Security Light. White (Bridge required),$89.99,https://m.media-amazon.com/images/I/71q7KcUsUvL._AC_UL320_.jpg
Polaris ATV Power Steering Assembly. ATV. Genuine OEM Part 2413344. Qty 1,$2,000.00,https://m.media-amazon.com/images/I/51hYTKVX7kS._AC_UY218_.jpg
Twinkly Icicle – App-Controlled LED Christmas Lights with 190 RGB+W (16 Million Colors + Pure Warm White) LEDs. Clear Wire. Indoor and Outdoor Smart Lighting Decoration,$104.08,https://m.media-amazon.com/images/I/81vABCxg3LL._AC_UL320_.jpg
Brightech Ambience Pro Outdoor String Lights - Commercial Grade Waterproof Patio Lights with 48 Ft Dimmable Incandescent Edison Bulbs. Porch String Lights for Patio. Backyard - 15 Bulbs 11W,$39.99,https://m.media-amazon.com/images/I/715LnXudvuL._AC_UL320_.jpg
XMCOSY+ Outdoor String Lights. Smart 49Ft Patio Lights RGB. App & WiFi Control Color Changing LED String Lights with Dimmable 15 LED Bulbs. Works with Alexa. IP65 Waterproof. Shatterproof,$69.99,https://m.media-amazon.com/images/I/71IHJHKyt9L._AC_UL320_.jpg
Ring Solar Steplight -- Outdoor Motion-Sensor Security Light. Black (Bridge required),$29.99,https://m.media-amazon.com/images/I/51HkHPQyqtL._AC_UL320_.jpg
Philips Hue Calla Outdoor Smart Pathway Light - White & Color Ambiance LED Walkway Lights - Low Voltage Lighting - 1 Pack - Requires Bridge and Power Supply - Control with App and Voice - Weatherproof,$116.97,https://m.media-amazon.com/images/I/71mqj6ZQ7VL._AC_UL320_.jpg
Philips Hue Lily XL Outdoor Smart Spot Light - White & Color Ambiance LED Walkway Lights - Low Voltage Lighting - 1 Pack - Requires Bridge and Power Supply - Control with App and Voice - Weatherproof,$154.00,https://m.media-amazon.com/images/I/71LYxOsirGL._AC_UL320_.jpg
XMCOSY+ Outdoor String Lights. 98Ft Smart Patio Lights Waterproof. WiFi Control. Work with Alexa. Dimmable Edison LED String Lights for Outside Yard,$84.99,https://m.media-amazon.com/images/I/71sS6RDCN9L._AC_UL320_.jpg
Cree Lighting Connected Max Smart Led Bulb Par38 Outdoor Flood Tunable White + Color Changing. 2.4 Ghz. Works with Alexa and Google Home. No Hub Required. Bluetooth + WiFi. 1Pk,$13.49,https://m.media-amazon.com/images/I/81qQxUItNtL._AC_UL320_.jpg
SURAIELEC WiFi Pool Timer. 40 AMP. 1HP 120V. 2HP 240V. Outdoor Indoor Smart Switch. Heavy Duty Pool Controller Light Timer Box for Pool Pump. Water Heater. Spa. Powerful Electrical Appliances,$42.99,https://m.media-amazon.com/images/I/719q-ITx2lS._AC_UL320_.jpg
Philips Hue White & Color Ambiance Outdoor LightStrip 5m/16ft (Requires Hue Hub. Works with Amazon Alexa Apple HomeKit and Google Assistant) (530931),$238.45,https://m.media-amazon.com/images/I/71HWjLUvkYL._AC_UL320_.jpg
Galaxy Lamps The Authentic Galaxy Projector (Blue Stars) | LED Nebula Projector | Star Light Projector for Bedroom | Galaxy Gaming Lights | Star Projector Night Light | Light Projector for Relaxation,$79.99,https://m.media-amazon.com/images/I/51FpcywVuyL._AC_UL320_.jpg
Philips Hue Appear Outdoor Smart Wall Light. Black - White and Color Ambiance LED Color-Changing Light - 1 Pack - Requires Hue Bridge - Control with Hue App and Voice - Weatherproof,$117.79,https://m.media-amazon.com/images/I/71QqNDGWQiL._AC_UL320_.jpg
Outdoor String Lights 50ft Clearance. IP65 Waterproof Smart Color Changing LED Patio Lights for Outside. DIY RGB Party Christmas Cafe Lights Work with Alexa.& Remote,$27.99,https://m.media-amazon.com/images/I/71pJY+YjlHL._AC_UL320_.jpg
Outdoor String Lights 50ft Clearance. IP65 Waterproof Smart Color Changing LED Patio Lights for Outside. DIY RGB Party Christmas Cafe Lights Work with Alexa.& Remote,$27.99,https://m.media-amazon.com/images/I/71pJY+YjlHL._AC_UL320_.jpg
Philips Hue Econic Outdoor Smart Pathway Light - White & Color Ambiance LED Walkway Lights - Low Voltage Lighting - 1 Pack - Requires Bridge and Power Supply - Control with App and Voice -Weatherproof,$110.99,https://m.media-amazon.com/images/I/61Zv0kIOsIL._AC_UL320_.jpg
Philips Hue Econic Square Outdoor Smart Wall Light. Black - White and Color Ambiance LED Color-Changing Light - 1 Pack - Requires Hue Bridge - Control with Hue App and Voice - Weatherproof,$169.99,https://m.media-amazon.com/images/I/71fZECTf6BL._AC_UL320_.jpg
Smart Globe Fairy Lights. 32.8ft Waterproof LED String Lights for Indoor and Outdoor Decor. Voice and App Controlled with Music Sync for Christmas and Party. Compatible with Alexa and Google Home.,$20.99,https://m.media-amazon.com/images/I/719Sqh6QPCL._AC_UL320_.jpg
HVS Smart Outdoor String Lights LED 36Ft Color Changing RGBW Patio String Lights Infinite Connectable APP Control 2.4GHz WiFi Waterproof 18 Acrylic Work with Alexa Google for Party Outside Cafe,$84.99,https://m.media-amazon.com/images/I/71HhA6j6zfS._AC_UL320_.jpg
Smart Galaxy Star Projector. LED Nebula Ceiling Night Light with App & Voice Control. Perfect for Gaming Rooms. Bedrooms. Home Theater. and Camp Tent. Stunning Starry Sky Effect (White),$39.98,https://m.media-amazon.com/images/I/61YL7G1CRWL._AC_UL320_.jpg
Philips Hue Lily White & Color Outdoor Spot Light Base kit (Hue Hub Required). 3 Spot Lights with Power Supply + Mount. Works with Alexa. HomeKit & Google Assistant,$265.99,https://m.media-amazon.com/images/I/51KCV5E4TEL._AC_UL320_.jpg
Atomi Smart WiFi LED Spot Lights – 4-Pack Starter Kit. 400 Lumens 10W. Dimmable. Outdoor IP65 Waterproof. White and RGB Color-Changing Light. App Control. Works with Alexa and Google Assistant,$239.95,https://m.media-amazon.com/images/I/81NusSzUwPL._AC_UL320_.jpg
HBN 48ft Smart Outdoor Dimmable Patio Light LED Lights Smart String Light. 24 Round Bulbs. 2.4 GHz Only. Compatible with Alexa/Google Assistant. App Controlled. No Hub Needed. IP65 Waterproof,$40.99,https://m.media-amazon.com/images/I/71QaTV+wh3S._AC_UL320_.jpg
Philips Hue Impress Outdoor Smart Wall Light. Black - 16W. White and Color Ambiance LED Light - 1 Pack - Requires Hue Bridge and Outdoor Power Supply - Control with Hue App and Voice - Weatherproof,$144.56,https://m.media-amazon.com/images/I/61MdB+iDrOS._AC_UL320_.jpg
Aurora Projector.Northern Lights Star Projector Bluetooth Speaker/Timer/Remote.White Noise Night Light Galaxy Projector Works with Alexa & Smart App Star Light for Ceiling Bedroom Decor Kids Adults,$29.99,https://m.media-amazon.com/images/I/71swSe2c9TL._AC_UL320_.jpg
Philips Hue Resonate Outdoor Smart Wall Light. Black - White and Color Ambiance LED Color-Changing Light - 1 Pack - Requires Hue Bridge - Control with Hue App and Voice - Weatherproof,$139.00,https://m.media-amazon.com/images/I/71lrxKpzm6L._AC_UL320_.jpg
UBREW USA Smart Home Candles. USB Powered. Flameless Safe Electric Extra Bright Real Wax Pillars LED Candle. Dorm Room Safe. Flickering. Compatible with Alexa. Google Assistant. IFTTT.,$54.99,https://m.media-amazon.com/images/I/51f6nydvUkL._AC_UL320_.jpg
XMCOSY+ Low Voltage Landscape Lights. 400LM Smart Outdoor Lights with APP Control. LED RGBW Landscape Lighting. Works with Alexa. 12V 8W Outdoor Landscape Path Lights for Yard Garden Walkway. 4 Pack,$114.99,https://m.media-amazon.com/images/I/613DOfQyEbL._AC_UL320_.jpg
Atomi Smart WiFi LED Pathway Lights—2-Pack Extension Kit. 800 Lumens. Tunable. Dimmable. Link up to 40 Lights. Use with The 4-Pack Pathway Lights. App Control. Works with Alexa and Google Assistant,$139.99,https://m.media-amazon.com/images/I/71mM0LemioL._AC_UL320_.jpg
createreedo Fairy Lights Battery Operated Multi-Colored 16.5 FT 50 led String Lights Christmas Lights for Bedroom/Party/Holiday/DIY Decor etc.,Null,https://m.media-amazon.com/images/I/61wL9ZA18EL._AC_UL320_.jpg
Atomi Smart Color-Changing String Lights– 24ft. 12 Shatterproof Bulbs 20W. Tunable. Dimmable. Outdoor IP65. White and Color-Changing 2500K-9000K. App Control. Works with Alexa and Google Assistant,Null,https://m.media-amazon.com/images/I/71sk6xXb7pL._AC_UL320_.jpg
Avatar Controls 32.8ft Smart Fairy Lights Works w/Alexa Google. Color Changing LED Lights with Remote&APP. Music Sync Fairy Lights with 20 Flash Modes. Dreamcolor Plug in USB String Lights with Timer,$11.99,https://m.media-amazon.com/images/I/71eRW9HaCfL._AC_UL320_.jpg
LED Curtain Lights WiFi Smart Twinkle String Window Lights Work with Echo Alexa Google Assistant. Remote APP Rainbow RGB Color Changing Fairy Lights for Holiday Decor Indoor Outdoor 9.8x9.8 FT(SCL),$38.99,https://m.media-amazon.com/images/I/613xK-Zs58L._AC_UL320_.jpg
Philips Hue Ludere White Outdoor Security Light. Outdoor Wall Fixture & 2 Hue PAR38 LED Smart Bulbs (Requires Hue Hub. Works with Alexa and More),$89.98,https://m.media-amazon.com/images/I/71f6dn-MKeL._AC_UL320_.jpg
Atomi Smart WiFi LED Pathway Lights— 4-Pack Starter Kit. 800 Lumens. Tunable. Dimmable. Link up to 40 Lights. IP65-Rated. White and RGB 2500K-9000K. App Control. Works with Alexa and Google Assistant,$285.99,https://m.media-amazon.com/images/I/71na1vnHq+L._AC_UL320_.jpg
innr Smart Outdoor Lights. Color Pathway Lights. Works with Philips Hue*. Alexa. Hey Google. SmartThings (Hub Required) Zigbee Outdoor Lights. 3-Pack with Power Supply and RGBW Control Box. OPL 130C,$89.99,https://m.media-amazon.com/images/I/718inFHWJxL._AC_UL320_.jpg
Philips Hue White & Color Ambiance Outdoor LightStrip 2m/7ft (Requires Hue Hub. Works with Amazon Alexa. Apple HomeKit. and Google Assistant),$139.74,https://m.media-amazon.com/images/I/51xGMQWh0fL._AC_UL320_.jpg
FVTLED LED Deck Lights Kit. 10pcs Φ1.22 WiFi Smart Phone Control Low Voltage Recessed RGBW Deck Lighting Waterproof Outdoor Yard Path Stair Decor. Black,$74.99,https://m.media-amazon.com/images/I/71UpMRjKmgL._AC_UL320_.jpg
8-Pack Woark Smart Hardscape Lighting. Retaining Wall Lights. 3W 12 Inch. IP65 Waterproof Step Light. 12V Low Voltage AC/DC. Soft White 2700K. Compatible with Alexa & Google Assistant,$20.99,https://m.media-amazon.com/images/I/71C79YRg15L._AC_UL320_.jpg
8-Pack Woark Smart Hardscape Lighting. Retaining Wall Lights. 3W 12 Inch. IP65 Waterproof Step Light. 12V Low Voltage AC/DC. Soft White 2700K. Compatible with Alexa & Google Assistant,Null,https://m.media-amazon.com/images/I/71C79YRg15L._AC_UL320_.jpg
Star Projector. Syslux Smart Galaxy Projector Works with Alexa. Google Assistant. Smart App Night Light Projector with LED Nebula Galaxy Remote Control Timer Music Speaker for Kids Adult Bedroom Decor,$20.99,https://m.media-amazon.com/images/I/81KDV-Xmp+L._AC_UL320_.jpg
Brushed Bronze LED32911-VC-BBZ SmartPlus Smart Outdoor LED Wall Lantern. 1-Pack,$124.08,https://m.media-amazon.com/images/I/81hh5pPLspL._AC_UL320_.jpg
FVTLED LED Deck Lighting Kits. 6pcs WiFi Controller Φ1.97 Low Voltage LED Deck Lighting RGB Recessed Light Work with Alexa Google Home Wireless Smart Phone RGB Lamp,$89.99,https://m.media-amazon.com/images/I/61vQXFGDe7L._AC_UL320_.jpg
Fairy Lights 32.8ft WiFi RGB Color Changing String Lights with Remote Control. Timer. 4 Music Modes. Compatible with Alexa. Google Home. for Bedroom Graduation Season Party Wedding Decor (USB Plug),$17.56,https://m.media-amazon.com/images/I/81ClMm1mplL._AC_UL320_.jpg
Satco S11272 Starfish 24-Foot WiFi Smart LED Color-Changing Indoor/Outdoor String Lights. Works with Siri. Alexa. Google Assistant. SmartThings. 10 Watt. 260 Lumens. 2700K-5000K . Black,$86.67,https://m.media-amazon.com/images/I/61ddT8IUCPL._AC_UL320_.jpg
LED Deck Lights Kit. 6pcs Φ1.22 WiFi Wireless Smart Phone Control Low Voltage Recessed RGB Deck Lamp In-ground Lighting Waterproof Outdoor Yard Path Stair Landscape Decor. Fit for Alexa.Google Home,$52.99,https://m.media-amazon.com/images/I/71QErSz3pUL._AC_UL320_.jpg
2 Pack Outdoor String Lights Patio Lights Weatherproof Strand Edison Vintage Bulbs 48 FT 15 Hanging Sockets Hanging Lights String Patio Lights for Bistro Garden Commercial Decor Decorative Cafe,$41.28,https://m.media-amazon.com/images/I/61DgJY8pxSL._AC_UL320_.jpg
Zigbee Certified 12VDC Indoor Lighting Controller (Low Voltage. 0-10V Dimming. UL Listed),$19.99,https://m.media-amazon.com/images/I/718Itz9bfdL._AC_UL320_.jpg
BRILLIHOOD RGB Smart Outdoor Wall Light. LED Color Changing Front Porch Ceiling Light Fixture. 15W. 2700K-6500K. IP66 Waterproof Dimmable Exterior Porch Light Wall Mount. Alexa & Google Assistant,Null,https://m.media-amazon.com/images/I/614f1ikus5L._AC_UL320_.jpg
Jeep Wrangler 77072395AB 2" Lift Kit,,https://m.media-amazon.com/images/I/71OHWdmIVWL._AC_UY218_.jpg
Jeep Wrangler 77072395AB 2" Lift Kit,$1,687.05,https://m.media-amazon.com/images/I/71OHWdmIVWL._AC_UY218_.jpg
Chrysler Dodge 3.5L 4.0L Engine Rocker Arm Assembly Shaft Lifter Set of 2 OEM,$1,468.04,https://m.media-amazon.com/images/I/81+5ILwVDkL._AC_UY218_.jpg
Subaru 10103AC030 Short Block Engine,$1,999.00,https://m.media-amazon.com/images/I/914na1eNSqL._AC_UY218_.jpg
Ford Racing 7.3L V8 Super Duty Crate Engine (No Cancel No Returns),$8,788.84,https://m.media-amazon.com/images/I/71paPdTUkeL._AC_UY218_.jpg
Ford Performance M-6017-504V Coyote Engine Control Pack,$2,107.97,https://m.media-amazon.com/images/I/71KJuRalVVL._AC_UY218_.jpg
11122413815 -BMW M Performance Carbon Engine Cover,$1,458.94,https://m.media-amazon.com/images/I/317nIfoRviL._AC_UY218_.jpg
Ford Cylinder Head. Super Cobra Jet. Assembled. 2.020/1.760 in Valves. 290 cc Intake. 72 cc Chamber. Dual Spring. Aluminum. Big Block Ford. Each,$1,720.55,https://m.media-amazon.com/images/I/51m6j05xOwL._AC_UY218_.jpg
Mopar P5007909AB BLOCK A-8 ENGINE,$8,615.45,https://m.media-amazon.com/images/I/41Evn6bs8uL._AC_UY218_.jpg
FORD Engine Control Module. Harness/Modules/Sensors. Manual Transmission. Ford Coyote. Kit (M-6017-M50A),$2,099.99,https://m.media-amazon.com/images/I/71zX5R5qShL._AC_UY218_.jpg
Ford Cylinder Head. Super Cobra Jet. Assembled. 2.200/1.760 in Valves. 290 cc Intake. 72 cc Chamber. Dual Springs. Aluminum. Big Block Ford. Each,$1,607.99,https://m.media-amazon.com/images/I/61IL2xktINL._AC_UY218_.jpg
2004-2006 Subaru STi Turbocharger IHI VF39 OEM NEW Genuine 14411AA5729L EJ257,$2,302.99,https://m.media-amazon.com/images/I/71kVFyBXJwL._AC_UY218_.jpg
Mopar 77072479 Dodge Durango Cat Back Exhaust,$1,474.54,https://m.media-amazon.com/images/I/41eoat3fEpL._AC_UY218_.jpg
Volvo Truck Repaired EGR Valve D12 Engine 21001173RM,$1,309.12,https://m.media-amazon.com/images/I/610i5QZVw1L._AC_UY218_.jpg
2014-2019 Jeep Ram Turbocharger For 3.0L Diesel Engines New Mopar OEM,$1,765.33,https://m.media-amazon.com/images/I/71Type-ftXL._AC_UY218_.jpg
Govee Smart Outdoor String Lights H7021. RGBIC Warm White 96ft (2 Ropes of 48ft) LED Bulbs for Christmas Decorations Outdoor. WiFi Patio Lights Work with Alexa. Google. APP Control. IP65 Waterproof,$99.99,https://m.media-amazon.com/images/I/6130Tkx9pdL._AC_UL320_.jpg
Mopar 82214586AB Shaker Hood Air Induction Kit Dodge Challenger 6.4L Engine,$2,868.02,https://m.media-amazon.com/images/I/61pFtA21gdL._AC_UY218_.jpg
Govee Smart Outdoor String Lights H7021. RGBIC Warm White 96ft (2 Ropes of 48ft) LED Bulbs for Christmas Decorations Outdoor. WiFi Patio Lights Work with Alexa. Google. APP Control. IP65 Waterproof,$99.99,https://m.media-amazon.com/images/I/6130Tkx9pdL._AC_UL320_.jpg
Dodge Ram 2500 3500 6.7L Cummins Diesel EGR Valve & Gaskets Mopar OEM,$1,471.71,https://m.media-amazon.com/images/I/91vhuTJBRFL._AC_UY218_.jpg
Twinkly Strings 400 LED RGB. LED Light String for in- and Outdoor. Christmas Lights. Smart LED Lights. Mappable LEDs. Compatible with Alexa and Google Home. IP44. Green Wire. 105ft,$99.99,https://m.media-amazon.com/images/I/81AgFWKGZGL._AC_UL320_.jpg
Polaris Ranger Crankshaft Kit. 700 ATV. Genuine OEM Part 2203067. Qty 1,$1,544.99,https://m.media-amazon.com/images/I/51pgqZaJ9FL._AC_UY218_.jpg
Govee Outdoor String Lights H7015 with 15 Dimmable RGBIC LED Bulbs. 48ft IP65 Waterproof Shatterproof Christmas Decorations. Color Changing Warm White Lights with 47 Scene Modes for Christmas,$29.99,https://m.media-amazon.com/images/I/718zY0RiJUL._AC_UL320_.jpg
Polaris Snowmobile Crankshaft Assembly. Genuine OEM Part 3089483. Qty 1,$1,647.09,https://m.media-amazon.com/images/I/61tP4FsvBzL._AC_UY218_.jpg
Philips Hue Lily Outdoor Smart Spot Light Base Kit - White and Color Ambiance LED Walkway Lights - Low Voltage Landscape Lighting - Requires Bridge - Control with App and Voice - Weatherproof - 3 Pack,$239.14,https://m.media-amazon.com/images/I/71yXNncuLHL._AC_UL320_.jpg
Polaris Snowmobile SDI Monoblock Cylinder. 85 mm. Genuine OEM Part 3022449. Qty 1,$1,344.99,https://m.media-amazon.com/images/I/61c-YKQ88kL._AC_UY218_.jpg
Ring Smart Lighting – Floodlight. Wired. Outdoor Motion-Sensor Security Light. White (Bridge required),$69.99,https://m.media-amazon.com/images/I/61Dxo4BSA2L._AC_UL320_.jpg
Subaru 31705AA662 Transmission Valve Assembly Control,$1,535.83,https://m.media-amazon.com/images/I/41MTfZOOjlL._AC_UY218_.jpg
Govee Outdoor Ground Lights. Patio Decorations. IP67 Low Voltage Pathway Lights 36ft. RGBIC with Warm White. 15 Pack. App Control Walkway Lights with 43 Scene Modes. Sync with Music. 80 LM,$59.99,https://m.media-amazon.com/images/I/712WqYcpbiL._AC_UL320_.jpg
Polaris Snowmobile Crankshaft 3090347. Genuine OEM Part 2205649. Qty 1,$2,153.99,https://m.media-amazon.com/images/I/51PbjvxH3fL._AC_UY218_.jpg
Ring Solar Pathlight - Outdoor Motion-Sensor Security Light. Black (Bridge required),$34.99,https://m.media-amazon.com/images/I/61GQJrm+NBL._AC_UL320_.jpg
DMA1 Marine Engine (Remanufactured. FORD 351W 88-94),$3,980.72,https://m.media-amazon.com/images/I/81B5jPMH9ML._AC_UY218_.jpg
Govee Outdoor String Lights. 48ft Smart Outdoor String Lights with 15 Dimmable Warm White LED Bulbs. IP65 Waterproof Shatterproof Patio Lights for Party. Wedding. Christmas Decorations. 70lm per Bulb,$36.99,https://m.media-amazon.com/images/I/61TnRwXvFEL._AC_UL320_.jpg
MOPAR 52059729AN - Tank Fuel,$1,465.90,https://m.media-amazon.com/images/I/41KSxuxXvCL._AC_UY218_.jpg
Ring Smart Lighting – Pathlight. Battery-Powered. Outdoor Motion-Sensor Security Light. Black (Bridge required),$29.99,https://m.media-amazon.com/images/I/61IZy8d6UoL._AC_UL320_.jpg
Ford BC3Z-6K682-B. Turbocharger,$1,822.06,https://m.media-amazon.com/images/I/711MzJDQaqL._AC_UY218_.jpg
Ring Smart Lighting – Spotlight. Battery-Powered. Outdoor Motion-Sensor Security Light. White (Bridge required),$39.99,https://m.media-amazon.com/images/I/61EbRbXZgrL._AC_UL320_.jpg
Polaris ATV Power Steering Assembly. ATV. Genuine OEM Part 2413344. Qty 1,$2,000.00,https://m.media-amazon.com/images/I/51hYTKVX7kS._AC_UY218_.jpg
XMCOSY+ Patio Lights. Smart Outdoor String Lights 50Ft. G40 Globe Patio Lights with 25 Dimmable LED Bulbs. APP Control. Work with Alexa. Connectable Waterproof LED Outdoor Lights for Patio Porch,$39.99,https://m.media-amazon.com/images/I/71nTJVNWQBL._AC_UL320_.jpg
Ring Solar Floodlight -- Outdoor Motion-Sensor Security Light. White (Bridge required),$89.99,https://m.media-amazon.com/images/I/71q7KcUsUvL._AC_UL320_.jpg
Twinkly Icicle – App-Controlled LED Christmas Lights with 190 RGB+W (16 Million Colors + Pure Warm White) LEDs. Clear Wire. Indoor and Outdoor Smart Lighting Decoration,$104.08,https://m.media-amazon.com/images/I/81vABCxg3LL._AC_UL320_.jpg
Brightech Ambience Pro Outdoor String Lights - Commercial Grade Waterproof Patio Lights with 48 Ft Dimmable Incandescent Edison Bulbs. Porch String Lights for Patio. Backyard - 15 Bulbs 11W,$39.99,https://m.media-amazon.com/images/I/715LnXudvuL._AC_UL320_.jpg
XMCOSY+ Outdoor String Lights. Smart 49Ft Patio Lights RGB. App & WiFi Control Color Changing LED String Lights with Dimmable 15 LED Bulbs. Works with Alexa. IP65 Waterproof. Shatterproof,$69.99,https://m.media-amazon.com/images/I/71IHJHKyt9L._AC_UL320_.jpg
Ring Solar Steplight -- Outdoor Motion-Sensor Security Light. Black (Bridge required),$29.99,https://m.media-amazon.com/images/I/51HkHPQyqtL._AC_UL320_.jpg
Philips Hue Calla Outdoor Smart Pathway Light - White & Color Ambiance LED Walkway Lights - Low Voltage Lighting - 1 Pack - Requires Bridge and Power Supply - Control with App and Voice - Weatherproof,$116.97,https://m.media-amazon.com/images/I/71mqj6ZQ7VL._AC_UL320_.jpg
Philips Hue Lily XL Outdoor Smart Spot Light - White & Color Ambiance LED Walkway Lights - Low Voltage Lighting - 1 Pack - Requires Bridge and Power Supply - Control with App and Voice - Weatherproof,$154.00,https://m.media-amazon.com/images/I/71LYxOsirGL._AC_UL320_.jpg
XMCOSY+ Outdoor String Lights. 98Ft Smart Patio Lights Waterproof. WiFi Control. Work with Alexa. Dimmable Edison LED String Lights for Outside Yard,$84.99,https://m.media-amazon.com/images/I/71sS6RDCN9L._AC_UL320_.jpg
Cree Lighting Connected Max Smart Led Bulb Par38 Outdoor Flood Tunable White + Color Changing. 2.4 Ghz. Works with Alexa and Google Home. No Hub Required. Bluetooth + WiFi. 1Pk,$13.49,https://m.media-amazon.com/images/I/81qQxUItNtL._AC_UL320_.jpg
SURAIELEC WiFi Pool Timer. 40 AMP. 1HP 120V. 2HP 240V. Outdoor Indoor Smart Switch. Heavy Duty Pool Controller Light Timer Box for Pool Pump. Water Heater. Spa. Powerful Electrical Appliances,$42.99,https://m.media-amazon.com/images/I/719q-ITx2lS._AC_UL320_.jpg
Philips Hue White & Color Ambiance Outdoor LightStrip 5m/16ft (Requires Hue Hub. Works with Amazon Alexa Apple HomeKit and Google Assistant) (530931),$238.45,https://m.media-amazon.com/images/I/71HWjLUvkYL._AC_UL320_.jpg
Galaxy Lamps The Authentic Galaxy Projector (Blue Stars) | LED Nebula Projector | Star Light Projector for Bedroom | Galaxy Gaming Lights | Star Projector Night Light | Light Projector for Relaxation,$79.99,https://m.media-amazon.com/images/I/51FpcywVuyL._AC_UL320_.jpg
Philips Hue Appear Outdoor Smart Wall Light. Black - White and Color Ambiance LED Color-Changing Light - 1 Pack - Requires Hue Bridge - Control with Hue App and Voice - Weatherproof,$117.79,https://m.media-amazon.com/images/I/71QqNDGWQiL._AC_UL320_.jpg
Jeep Wrangler 77072395AB 2" Lift Kit,,https://m.media-amazon.com/images/I/71OHWdmIVWL._AC_UY218_.jpg
Jeep Wrangler 77072395AB 2" Lift Kit,$1,687.05,https://m.media-amazon.com/images/I/71OHWdmIVWL._AC_UY218_.jpg
Chrysler Dodge 3.5L 4.0L Engine Rocker Arm Assembly Shaft Lifter Set of 2 OEM,$1,468.04,https://m.media-amazon.com/images/I/81+5ILwVDkL._AC_UY218_.jpg
Subaru 10103AC030 Short Block Engine,$1,999.00,https://m.media-amazon.com/images/I/914na1eNSqL._AC_UY218_.jpg
Ford Racing 7.3L V8 Super Duty Crate Engine (No Cancel No Returns),$8,788.84,https://m.media-amazon.com/images/I/71paPdTUkeL._AC_UY218_.jpg
Ford Performance M-6017-504V Coyote Engine Control Pack,$2,107.97,https://m.media-amazon.com/images/I/71KJuRalVVL._AC_UY218_.jpg
11122413815 -BMW M Performance Carbon Engine Cover,$1,458.94,https://m.media-amazon.com/images/I/317nIfoRviL._AC_UY218_.jpg
Ford Cylinder Head. Super Cobra Jet. Assembled. 2.020/1.760 in Valves. 290 cc Intake. 72 cc Chamber. Dual Spring. Aluminum. Big Block Ford. Each,$1,720.55,https://m.media-amazon.com/images/I/51m6j05xOwL._AC_UY218_.jpg
Mopar P5007909AB BLOCK A-8 ENGINE,$8,615.45,https://m.media-amazon.com/images/I/41Evn6bs8uL._AC_UY218_.jpg
FORD Engine Control Module. Harness/Modules/Sensors. Manual Transmission. Ford Coyote. Kit (M-6017-M50A),$2,099.99,https://m.media-amazon.com/images/I/71zX5R5qShL._AC_UY218_.jpg
Ford Cylinder Head. Super Cobra Jet. Assembled. 2.200/1.760 in Valves. 290 cc Intake. 72 cc Chamber. Dual Springs. Aluminum. Big Block Ford. Each,$1,607.99,https://m.media-amazon.com/images/I/61IL2xktINL._AC_UY218_.jpg
2004-2006 Subaru STi Turbocharger IHI VF39 OEM NEW Genuine 14411AA5729L EJ257,$2,302.99,https://m.media-amazon.com/images/I/71kVFyBXJwL._AC_UY218_.jpg
Mopar 77072479 Dodge Durango Cat Back Exhaust,$1,467.20,https://m.media-amazon.com/images/I/41eoat3fEpL._AC_UY218_.jpg
Volvo Truck Repaired EGR Valve D12 Engine 21001173RM,$1,309.12,https://m.media-amazon.com/images/I/610i5QZVw1L._AC_UY218_.jpg
2014-2019 Jeep Ram Turbocharger For 3.0L Diesel Engines New Mopar OEM,$1,765.33,https://m.media-amazon.com/images/I/71Type-ftXL._AC_UY218_.jpg
Govee Smart Outdoor String Lights H7021. RGBIC Warm White 96ft (2 Ropes of 48ft) LED Bulbs for Christmas Decorations Outdoor. WiFi Patio Lights Work with Alexa. Google. APP Control. IP65 Waterproof,$99.99,https://m.media-amazon.com/images/I/6130Tkx9pdL._AC_UL320_.jpg
Govee Smart Outdoor String Lights H7021. RGBIC Warm White 96ft (2 Ropes of 48ft) LED Bulbs for Christmas Decorations Outdoor. WiFi Patio Lights Work with Alexa. Google. APP Control. IP65 Waterproof,$99.99,https://m.media-amazon.com/images/I/6130Tkx9pdL._AC_UL320_.jpg
Mopar 82214586AB Shaker Hood Air Induction Kit Dodge Challenger 6.4L Engine,$2,868.02,https://m.media-amazon.com/images/I/61pFtA21gdL._AC_UY218_.jpg
Twinkly Strings 400 LED RGB. LED Light String for in- and Outdoor. Christmas Lights. Smart LED Lights. Mappable LEDs. Compatible with Alexa and Google Home. IP44. Green Wire. 105ft,$99.99,https://m.media-amazon.com/images/I/81AgFWKGZGL._AC_UL320_.jpg
Dodge Ram 2500 3500 6.7L Cummins Diesel EGR Valve & Gaskets Mopar OEM,$1,471.71,https://m.media-amazon.com/images/I/91vhuTJBRFL._AC_UY218_.jpg
Govee Outdoor String Lights H7015 with 15 Dimmable RGBIC LED Bulbs. 48ft IP65 Waterproof Shatterproof Christmas Decorations. Color Changing Warm White Lights with 47 Scene Modes for Christmas,$29.99,https://m.media-amazon.com/images/I/718zY0RiJUL._AC_UL320_.jpg
Polaris Ranger Crankshaft Kit. 700 ATV. Genuine OEM Part 2203067. Qty 1,$1,544.99,https://m.media-amazon.com/images/I/51pgqZaJ9FL._AC_UY218_.jpg
Philips Hue Lily Outdoor Smart Spot Light Base Kit - White and Color Ambiance LED Walkway Lights - Low Voltage Landscape Lighting - Requires Bridge - Control with App and Voice - Weatherproof - 3 Pack,$239.14,https://m.media-amazon.com/images/I/71yXNncuLHL._AC_UL320_.jpg
Polaris Snowmobile Crankshaft Assembly. Genuine OEM Part 3089483. Qty 1,$1,647.09,https://m.media-amazon.com/images/I/61tP4FsvBzL._AC_UY218_.jpg
Ring Smart Lighting – Floodlight. Wired. Outdoor Motion-Sensor Security Light. White (Bridge required),$69.99,https://m.media-amazon.com/images/I/61Dxo4BSA2L._AC_UL320_.jpg
Polaris Snowmobile SDI Monoblock Cylinder. 85 mm. Genuine OEM Part 3022449. Qty 1,$1,344.99,https://m.media-amazon.com/images/I/61c-YKQ88kL._AC_UY218_.jpg
Govee Outdoor Ground Lights. Patio Decorations. IP67 Low Voltage Pathway Lights 36ft. RGBIC with Warm White. 15 Pack. App Control Walkway Lights with 43 Scene Modes. Sync with Music. 80 LM,$59.99,https://m.media-amazon.com/images/I/712WqYcpbiL._AC_UL320_.jpg
Subaru 31705AA662 Transmission Valve Assembly Control,$1,535.83,https://m.media-amazon.com/images/I/41MTfZOOjlL._AC_UY218_.jpg
Ring Solar Pathlight - Outdoor Motion-Sensor Security Light. Black (Bridge required),$34.99,https://m.media-amazon.com/images/I/61GQJrm+NBL._AC_UL320_.jpg
Polaris Snowmobile Crankshaft 3090347. Genuine OEM Part 2205649. Qty 1,$2,153.99,https://m.media-amazon.com/images/I/51PbjvxH3fL._AC_UY218_.jpg
Govee Outdoor String Lights. 48ft Smart Outdoor String Lights with 15 Dimmable Warm White LED Bulbs. IP65 Waterproof Shatterproof Patio Lights for Party. Wedding. Christmas Decorations. 70lm per Bulb,$36.99,https://m.media-amazon.com/images/I/61TnRwXvFEL._AC_UL320_.jpg
DMA1 Marine Engine (Remanufactured. FORD 351W 88-94),$3,980.72,https://m.media-amazon.com/images/I/81B5jPMH9ML._AC_UY218_.jpg
Ring Smart Lighting – Pathlight. Battery-Powered. Outdoor Motion-Sensor Security Light. Black (Bridge required),$29.99,https://m.media-amazon.com/images/I/61IZy8d6UoL._AC_UL320_.jpg
MOPAR 52059729AN - Tank Fuel,$1,465.90,https://m.media-amazon.com/images/I/41KSxuxXvCL._AC_UY218_.jpg
Ring Smart Lighting – Spotlight. Battery-Powered. Outdoor Motion-Sensor Security Light. White (Bridge required),$39.99,https://m.media-amazon.com/images/I/61EbRbXZgrL._AC_UL320_.jpg
Ford BC3Z-6K682-B. Turbocharger,$1,822.06,https://m.media-amazon.com/images/I/711MzJDQaqL._AC_UY218_.jpg
XMCOSY+ Patio Lights. Smart Outdoor String Lights 50Ft. G40 Globe Patio Lights with 25 Dimmable LED Bulbs. APP Control. Work with Alexa. Connectable Waterproof LED Outdoor Lights for Patio Porch,$39.99,https://m.media-amazon.com/images/I/71nTJVNWQBL._AC_UL320_.jpg
Polaris ATV Power Steering Assembly. ATV. Genuine OEM Part 2413344. Qty 1,$2,000.00,https://m.media-amazon.com/images/I/51hYTKVX7kS._AC_UY218_.jpg
Ring Solar Floodlight -- Outdoor Motion-Sensor Security Light. White (Bridge required),$89.99,https://m.media-amazon.com/images/I/71q7KcUsUvL._AC_UL320_.jpg
Twinkly Icicle – App-Controlled LED Christmas Lights with 190 RGB+W (16 Million Colors + Pure Warm White) LEDs. Clear Wire. Indoor and Outdoor Smart Lighting Decoration,$104.08,https://m.media-amazon.com/images/I/81vABCxg3LL._AC_UL320_.jpg
Brightech Ambience Pro Outdoor String Lights - Commercial Grade Waterproof Patio Lights with 48 Ft Dimmable Incandescent Edison Bulbs. Porch String Lights for Patio. Backyard - 15 Bulbs 11W,$39.99,https://m.media-amazon.com/images/I/715LnXudvuL._AC_UL320_.jpg
XMCOSY+ Outdoor String Lights. Smart 49Ft Patio Lights RGB. App & WiFi Control Color Changing LED String Lights with Dimmable 15 LED Bulbs. Works with Alexa. IP65 Waterproof. Shatterproof,$69.99,https://m.media-amazon.com/images/I/71IHJHKyt9L._AC_UL320_.jpg
Ring Solar Steplight -- Outdoor Motion-Sensor Security Light. Black (Bridge required),$29.99,https://m.media-amazon.com/images/I/51HkHPQyqtL._AC_UL320_.jpg
Philips Hue Calla Outdoor Smart Pathway Light - White & Color Ambiance LED Walkway Lights - Low Voltage Lighting - 1 Pack - Requires Bridge and Power Supply - Control with App and Voice - Weatherproof,$116.97,https://m.media-amazon.com/images/I/71mqj6ZQ7VL._AC_UL320_.jpg
Philips Hue Lily XL Outdoor Smart Spot Light - White & Color Ambiance LED Walkway Lights - Low Voltage Lighting - 1 Pack - Requires Bridge and Power Supply - Control with App and Voice - Weatherproof,$154.00,https://m.media-amazon.com/images/I/71LYxOsirGL._AC_UL320_.jpg
XMCOSY+ Outdoor String Lights. 98Ft Smart Patio Lights Waterproof. WiFi Control. Work with Alexa. Dimmable Edison LED String Lights for Outside Yard,$84.99,https://m.media-amazon.com/images/I/71sS6RDCN9L._AC_UL320_.jpg
Cree Lighting Connected Max Smart Led Bulb Par38 Outdoor Flood Tunable White + Color Changing. 2.4 Ghz. Works with Alexa and Google Home. No Hub Required. Bluetooth + WiFi. 1Pk,$13.49,https://m.media-amazon.com/images/I/81qQxUItNtL._AC_UL320_.jpg
SURAIELEC WiFi Pool Timer. 40 AMP. 1HP 120V. 2HP 240V. Outdoor Indoor Smart Switch. Heavy Duty Pool Controller Light Timer Box for Pool Pump. Water Heater. Spa. Powerful Electrical Appliances,$42.99,https://m.media-amazon.com/images/I/719q-ITx2lS._AC_UL320_.jpg
Philips Hue White & Color Ambiance Outdoor LightStrip 5m/16ft (Requires Hue Hub. Works with Amazon Alexa Apple HomeKit and Google Assistant) (530931),$238.45,https://m.media-amazon.com/images/I/71HWjLUvkYL._AC_UL320_.jpg
Galaxy Lamps The Authentic Galaxy Projector (Blue Stars) | LED Nebula Projector | Star Light Projector for Bedroom | Galaxy Gaming Lights | Star Projector Night Light | Light Projector for Relaxation,$79.99,https://m.media-amazon.com/images/I/51FpcywVuyL._AC_UL320_.jpg
Philips Hue Appear Outdoor Smart Wall Light. Black - White and Color Ambiance LED Color-Changing Light - 1 Pack - Requires Hue Bridge - Control with Hue App and Voice - Weatherproof,$117.79,https://m.media-amazon.com/images/I/71QqNDGWQiL._AC_UL320_.jpg
